row_id,salt,source_table,source_pdf_page,source_printed_page,molality_mol_kg,osmotic_coefficient,gamma_pm_m,phi_table8_binding,gamma_table8_binding,miac_repository_path,miac_repository_sha256,miac_repository_row_status,osmotic_repository_candidate,osmotic_repository_row_status
HW1972-T9-LiCl-m0.001,LiCl,9,18,1063,0.001,0.988,0.965,DIRECT_HAMER_WU_NOT_EXACT_HASLAM_SUBSET,DIRECT_HAMER_WU_EXACT_HASLAM_SUBSET,/home/tnnrpolley21/Workspaces/Engineering/ePC-SAFT/data/reference/MIAC/water/water-LiCl.csv,11cff6dcdb6fe0e8efc19d182243f1cc2b94eafc966f3bcfdc8c05e97c06543e,VERIFIED_VALUE_MATCH,,NO_LOCAL_OSMOTIC_FILE
HW1972-T9-LiCl-m0.002,LiCl,9,18,1063,0.002,0.984,0.952,DIRECT_HAMER_WU_NOT_EXACT_HASLAM_SUBSET,DIRECT_HAMER_WU_EXACT_HASLAM_SUBSET,/home/tnnrpolley21/Workspaces/Engineering/ePC-SAFT/data/reference/MIAC/water/water-LiCl.csv,11cff6dcdb6fe0e8efc19d182243f1cc2b94eafc966f3bcfdc8c05e97c06543e,VERIFIED_VALUE_MATCH,,NO_LOCAL_OSMOTIC_FILE
HW1972-T9-LiCl-m0.005,LiCl,9,18,1063,0.005,0.976,0.928,DIRECT_HAMER_WU_NOT_EXACT_HASLAM_SUBSET,DIRECT_HAMER_WU_EXACT_HASLAM_SUBSET,/home/tnnrpolley21/Workspaces/Engineering/ePC-SAFT/data/reference/MIAC/water/water-LiCl.csv,11cff6dcdb6fe0e8efc19d182243f1cc2b94eafc966f3bcfdc8c05e97c06543e,VERIFIED_VALUE_MATCH,,NO_LOCAL_OSMOTIC_FILE
HW1972-T9-LiCl-m0.01,LiCl,9,18,1063,0.01,0.969,0.904,DIRECT_HAMER_WU_NOT_EXACT_HASLAM_SUBSET,DIRECT_HAMER_WU_EXACT_HASLAM_SUBSET,/home/tnnrpolley21/Workspaces/Engineering/ePC-SAFT/data/reference/MIAC/water/water-LiCl.csv,11cff6dcdb6fe0e8efc19d182243f1cc2b94eafc966f3bcfdc8c05e97c06543e,VERIFIED_VALUE_MATCH,,NO_LOCAL_OSMOTIC_FILE
HW1972-T9-LiCl-m0.02,LiCl,9,18,1063,0.02,0.96,0.874,DIRECT_HAMER_WU_NOT_EXACT_HASLAM_SUBSET,DIRECT_HAMER_WU_EXACT_HASLAM_SUBSET,/home/tnnrpolley21/Workspaces/Engineering/ePC-SAFT/data/reference/MIAC/water/water-LiCl.csv,11cff6dcdb6fe0e8efc19d182243f1cc2b94eafc966f3bcfdc8c05e97c06543e,VERIFIED_VALUE_MATCH,,NO_LOCAL_OSMOTIC_FILE
HW1972-T9-LiCl-m0.05,LiCl,9,18,1063,0.05,0.947,0.827,DIRECT_HAMER_WU_NOT_EXACT_HASLAM_SUBSET,DIRECT_HAMER_WU_EXACT_HASLAM_SUBSET,/home/tnnrpolley21/Workspaces/Engineering/ePC-SAFT/data/reference/MIAC/water/water-LiCl.csv,11cff6dcdb6fe0e8efc19d182243f1cc2b94eafc966f3bcfdc8c05e97c06543e,VERIFIED_VALUE_MATCH,,NO_LOCAL_OSMOTIC_FILE
HW1972-T9-LiCl-m0.1,LiCl,9,18,1063,0.1,0.94,0.789,DIRECT_HAMER_WU_NOT_EXACT_HASLAM_SUBSET,DIRECT_HAMER_WU_EXACT_HASLAM_SUBSET,/home/tnnrpolley21/Workspaces/Engineering/ePC-SAFT/data/reference/MIAC/water/water-LiCl.csv,11cff6dcdb6fe0e8efc19d182243f1cc2b94eafc966f3bcfdc8c05e97c06543e,VERIFIED_VALUE_MATCH,,NO_LOCAL_OSMOTIC_FILE
HW1972-T9-LiCl-m0.2,LiCl,9,18,1063,0.2,0.94,0.756,DIRECT_HAMER_WU_NOT_EXACT_HASLAM_SUBSET,DIRECT_HAMER_WU_EXACT_HASLAM_SUBSET,/home/tnnrpolley21/Workspaces/Engineering/ePC-SAFT/data/reference/MIAC/water/water-LiCl.csv,11cff6dcdb6fe0e8efc19d182243f1cc2b94eafc966f3bcfdc8c05e97c06543e,VERIFIED_VALUE_MATCH,,NO_LOCAL_OSMOTIC_FILE
HW1972-T9-LiCl-m0.3,LiCl,9,18,1063,0.3,0.946,0.743,DIRECT_HAMER_WU_NOT_EXACT_HASLAM_SUBSET,DIRECT_HAMER_WU_EXACT_HASLAM_SUBSET,/home/tnnrpolley21/Workspaces/Engineering/ePC-SAFT/data/reference/MIAC/water/water-LiCl.csv,11cff6dcdb6fe0e8efc19d182243f1cc2b94eafc966f3bcfdc8c05e97c06543e,VERIFIED_VALUE_MATCH,,NO_LOCAL_OSMOTIC_FILE
HW1972-T9-LiCl-m0.4,LiCl,9,18,1063,0.4,0.954,0.739,DIRECT_HAMER_WU_NOT_EXACT_HASLAM_SUBSET,DIRECT_HAMER_WU_EXACT_HASLAM_SUBSET,/home/tnnrpolley21/Workspaces/Engineering/ePC-SAFT/data/reference/MIAC/water/water-LiCl.csv,11cff6dcdb6fe0e8efc19d182243f1cc2b94eafc966f3bcfdc8c05e97c06543e,VERIFIED_VALUE_MATCH,,NO_LOCAL_OSMOTIC_FILE
HW1972-T9-LiCl-m0.5,LiCl,9,18,1063,0.5,0.964,0.739,DIRECT_HAMER_WU_NOT_EXACT_HASLAM_SUBSET,DIRECT_HAMER_WU_EXACT_HASLAM_SUBSET,/home/tnnrpolley21/Workspaces/Engineering/ePC-SAFT/data/reference/MIAC/water/water-LiCl.csv,11cff6dcdb6fe0e8efc19d182243f1cc2b94eafc966f3bcfdc8c05e97c06543e,VERIFIED_VALUE_MATCH,,NO_LOCAL_OSMOTIC_FILE
HW1972-T9-LiCl-m0.6,LiCl,9,18,1063,0.6,0.974,0.742,DIRECT_HAMER_WU_NOT_EXACT_HASLAM_SUBSET,DIRECT_HAMER_WU_EXACT_HASLAM_SUBSET,/home/tnnrpolley21/Workspaces/Engineering/ePC-SAFT/data/reference/MIAC/water/water-LiCl.csv,11cff6dcdb6fe0e8efc19d182243f1cc2b94eafc966f3bcfdc8c05e97c06543e,VERIFIED_VALUE_MATCH,,NO_LOCAL_OSMOTIC_FILE
HW1972-T9-LiCl-m0.7,LiCl,9,18,1063,0.7,0.985,0.748,DIRECT_HAMER_WU_NOT_EXACT_HASLAM_SUBSET,DIRECT_HAMER_WU_EXACT_HASLAM_SUBSET,/home/tnnrpolley21/Workspaces/Engineering/ePC-SAFT/data/reference/MIAC/water/water-LiCl.csv,11cff6dcdb6fe0e8efc19d182243f1cc2b94eafc966f3bcfdc8c05e97c06543e,VERIFIED_VALUE_MATCH,,NO_LOCAL_OSMOTIC_FILE
HW1972-T9-LiCl-m0.8,LiCl,9,18,1063,0.8,0.996,0.756,DIRECT_HAMER_WU_NOT_EXACT_HASLAM_SUBSET,DIRECT_HAMER_WU_EXACT_HASLAM_SUBSET,/home/tnnrpolley21/Workspaces/Engineering/ePC-SAFT/data/reference/MIAC/water/water-LiCl.csv,11cff6dcdb6fe0e8efc19d182243f1cc2b94eafc966f3bcfdc8c05e97c06543e,VERIFIED_VALUE_MATCH,,NO_LOCAL_OSMOTIC_FILE
HW1972-T9-LiCl-m0.9,LiCl,9,18,1063,0.9,1.008,0.765,DIRECT_HAMER_WU_NOT_EXACT_HASLAM_SUBSET,DIRECT_HAMER_WU_EXACT_HASLAM_SUBSET,/home/tnnrpolley21/Workspaces/Engineering/ePC-SAFT/data/reference/MIAC/water/water-LiCl.csv,11cff6dcdb6fe0e8efc19d182243f1cc2b94eafc966f3bcfdc8c05e97c06543e,VERIFIED_VALUE_MATCH,,NO_LOCAL_OSMOTIC_FILE
HW1972-T9-LiCl-m1,LiCl,9,18,1063,1,1.02,0.775,DIRECT_HAMER_WU_NOT_EXACT_HASLAM_SUBSET,DIRECT_HAMER_WU_EXACT_HASLAM_SUBSET,/home/tnnrpolley21/Workspaces/Engineering/ePC-SAFT/data/reference/MIAC/water/water-LiCl.csv,11cff6dcdb6fe0e8efc19d182243f1cc2b94eafc966f3bcfdc8c05e97c06543e,VERIFIED_VALUE_MATCH,,NO_LOCAL_OSMOTIC_FILE
HW1972-T9-LiCl-m1.2,LiCl,9,18,1063,1.2,1.044,0.798,DIRECT_HAMER_WU_NOT_EXACT_HASLAM_SUBSET,DIRECT_HAMER_WU_EXACT_HASLAM_SUBSET,/home/tnnrpolley21/Workspaces/Engineering/ePC-SAFT/data/reference/MIAC/water/water-LiCl.csv,11cff6dcdb6fe0e8efc19d182243f1cc2b94eafc966f3bcfdc8c05e97c06543e,VERIFIED_VALUE_MATCH,,NO_LOCAL_OSMOTIC_FILE
HW1972-T9-LiCl-m1.4,LiCl,9,18,1063,1.4,1.068,0.825,DIRECT_HAMER_WU_NOT_EXACT_HASLAM_SUBSET,DIRECT_HAMER_WU_EXACT_HASLAM_SUBSET,/home/tnnrpolley21/Workspaces/Engineering/ePC-SAFT/data/reference/MIAC/water/water-LiCl.csv,11cff6dcdb6fe0e8efc19d182243f1cc2b94eafc966f3bcfdc8c05e97c06543e,VERIFIED_VALUE_MATCH,,NO_LOCAL_OSMOTIC_FILE
HW1972-T9-LiCl-m1.6,LiCl,9,18,1063,1.6,1.093,0.855,DIRECT_HAMER_WU_NOT_EXACT_HASLAM_SUBSET,DIRECT_HAMER_WU_EXACT_HASLAM_SUBSET,/home/tnnrpolley21/Workspaces/Engineering/ePC-SAFT/data/reference/MIAC/water/water-LiCl.csv,11cff6dcdb6fe0e8efc19d182243f1cc2b94eafc966f3bcfdc8c05e97c06543e,VERIFIED_VALUE_MATCH,,NO_LOCAL_OSMOTIC_FILE
HW1972-T9-LiCl-m1.8,LiCl,9,18,1063,1.8,1.119,0.888,DIRECT_HAMER_WU_NOT_EXACT_HASLAM_SUBSET,DIRECT_HAMER_WU_EXACT_HASLAM_SUBSET,/home/tnnrpolley21/Workspaces/Engineering/ePC-SAFT/data/reference/MIAC/water/water-LiCl.csv,11cff6dcdb6fe0e8efc19d182243f1cc2b94eafc966f3bcfdc8c05e97c06543e,VERIFIED_VALUE_MATCH,,NO_LOCAL_OSMOTIC_FILE
HW1972-T9-LiCl-m2,LiCl,9,18,1063,2,1.145,0.924,DIRECT_HAMER_WU_NOT_EXACT_HASLAM_SUBSET,DIRECT_HAMER_WU_EXACT_HASLAM_SUBSET,/home/tnnrpolley21/Workspaces/Engineering/ePC-SAFT/data/reference/MIAC/water/water-LiCl.csv,11cff6dcdb6fe0e8efc19d182243f1cc2b94eafc966f3bcfdc8c05e97c06543e,VERIFIED_VALUE_MATCH,,NO_LOCAL_OSMOTIC_FILE
HW1972-T9-LiCl-m2.5,LiCl,9,18,1063,2.5,1.213,1.029,DIRECT_HAMER_WU_NOT_EXACT_HASLAM_SUBSET,DIRECT_HAMER_WU_EXACT_HASLAM_SUBSET,/home/tnnrpolley21/Workspaces/Engineering/ePC-SAFT/data/reference/MIAC/water/water-LiCl.csv,11cff6dcdb6fe0e8efc19d182243f1cc2b94eafc966f3bcfdc8c05e97c06543e,VERIFIED_VALUE_MATCH,,NO_LOCAL_OSMOTIC_FILE
HW1972-T9-LiCl-m3,LiCl,9,18,1063,3,1.284,1.157,DIRECT_HAMER_WU_NOT_EXACT_HASLAM_SUBSET,DIRECT_HAMER_WU_EXACT_HASLAM_SUBSET,/home/tnnrpolley21/Workspaces/Engineering/ePC-SAFT/data/reference/MIAC/water/water-LiCl.csv,11cff6dcdb6fe0e8efc19d182243f1cc2b94eafc966f3bcfdc8c05e97c06543e,VERIFIED_VALUE_MATCH,,NO_LOCAL_OSMOTIC_FILE
HW1972-T10-LiBr-m0.001,LiBr,10,19,1064,0.001,0.989,0.965,DIRECT_HAMER_WU_HASLAM_MEMBERSHIP_UNKNOWN,DIRECT_HAMER_WU_EXACT_HASLAM_SUBSET,/home/tnnrpolley21/Workspaces/Engineering/ePC-SAFT/data/reference/MIAC/water/water-LiBr.csv,8daf2ca847a4b901e3f18965d7dfb6788bfb92897534f29b37f5018e9a211760,VERIFIED_VALUE_MATCH,,NO_LOCAL_OSMOTIC_FILE
HW1972-T10-LiBr-m0.002,LiBr,10,19,1064,0.002,0.984,0.952,DIRECT_HAMER_WU_HASLAM_MEMBERSHIP_UNKNOWN,DIRECT_HAMER_WU_EXACT_HASLAM_SUBSET,/home/tnnrpolley21/Workspaces/Engineering/ePC-SAFT/data/reference/MIAC/water/water-LiBr.csv,8daf2ca847a4b901e3f18965d7dfb6788bfb92897534f29b37f5018e9a211760,VERIFIED_VALUE_MATCH,,NO_LOCAL_OSMOTIC_FILE
HW1972-T10-LiBr-m0.005,LiBr,10,19,1064,0.005,0.977,0.929,DIRECT_HAMER_WU_HASLAM_MEMBERSHIP_UNKNOWN,DIRECT_HAMER_WU_EXACT_HASLAM_SUBSET,/home/tnnrpolley21/Workspaces/Engineering/ePC-SAFT/data/reference/MIAC/water/water-LiBr.csv,8daf2ca847a4b901e3f18965d7dfb6788bfb92897534f29b37f5018e9a211760,VERIFIED_VALUE_MATCH,,NO_LOCAL_OSMOTIC_FILE
HW1972-T10-LiBr-m0.01,LiBr,10,19,1064,0.01,0.97,0.905,DIRECT_HAMER_WU_HASLAM_MEMBERSHIP_UNKNOWN,DIRECT_HAMER_WU_EXACT_HASLAM_SUBSET,/home/tnnrpolley21/Workspaces/Engineering/ePC-SAFT/data/reference/MIAC/water/water-LiBr.csv,8daf2ca847a4b901e3f18965d7dfb6788bfb92897534f29b37f5018e9a211760,VERIFIED_VALUE_MATCH,,NO_LOCAL_OSMOTIC_FILE
HW1972-T10-LiBr-m0.02,LiBr,10,19,1064,0.02,0.961,0.877,DIRECT_HAMER_WU_HASLAM_MEMBERSHIP_UNKNOWN,DIRECT_HAMER_WU_EXACT_HASLAM_SUBSET,/home/tnnrpolley21/Workspaces/Engineering/ePC-SAFT/data/reference/MIAC/water/water-LiBr.csv,8daf2ca847a4b901e3f18965d7dfb6788bfb92897534f29b37f5018e9a211760,VERIFIED_VALUE_MATCH,,NO_LOCAL_OSMOTIC_FILE
HW1972-T10-LiBr-m0.05,LiBr,10,19,1064,0.05,0.95,0.832,DIRECT_HAMER_WU_HASLAM_MEMBERSHIP_UNKNOWN,DIRECT_HAMER_WU_EXACT_HASLAM_SUBSET,/home/tnnrpolley21/Workspaces/Engineering/ePC-SAFT/data/reference/MIAC/water/water-LiBr.csv,8daf2ca847a4b901e3f18965d7dfb6788bfb92897534f29b37f5018e9a211760,VERIFIED_VALUE_MATCH,,NO_LOCAL_OSMOTIC_FILE
HW1972-T10-LiBr-m0.1,LiBr,10,19,1064,0.1,0.944,0.797,DIRECT_HAMER_WU_HASLAM_MEMBERSHIP_UNKNOWN,DIRECT_HAMER_WU_EXACT_HASLAM_SUBSET,/home/tnnrpolley21/Workspaces/Engineering/ePC-SAFT/data/reference/MIAC/water/water-LiBr.csv,8daf2ca847a4b901e3f18965d7dfb6788bfb92897534f29b37f5018e9a211760,VERIFIED_VALUE_MATCH,,NO_LOCAL_OSMOTIC_FILE
HW1972-T10-LiBr-m0.2,LiBr,10,19,1064,0.2,0.944,0.767,DIRECT_HAMER_WU_HASLAM_MEMBERSHIP_UNKNOWN,DIRECT_HAMER_WU_EXACT_HASLAM_SUBSET,/home/tnnrpolley21/Workspaces/Engineering/ePC-SAFT/data/reference/MIAC/water/water-LiBr.csv,8daf2ca847a4b901e3f18965d7dfb6788bfb92897534f29b37f5018e9a211760,VERIFIED_VALUE_MATCH,,NO_LOCAL_OSMOTIC_FILE
HW1972-T10-LiBr-m0.3,LiBr,10,19,1064,0.3,0.951,0.755,DIRECT_HAMER_WU_HASLAM_MEMBERSHIP_UNKNOWN,DIRECT_HAMER_WU_EXACT_HASLAM_SUBSET,/home/tnnrpolley21/Workspaces/Engineering/ePC-SAFT/data/reference/MIAC/water/water-LiBr.csv,8daf2ca847a4b901e3f18965d7dfb6788bfb92897534f29b37f5018e9a211760,VERIFIED_VALUE_MATCH,,NO_LOCAL_OSMOTIC_FILE
HW1972-T10-LiBr-m0.4,LiBr,10,19,1064,0.4,0.96,0.752,DIRECT_HAMER_WU_HASLAM_MEMBERSHIP_UNKNOWN,DIRECT_HAMER_WU_EXACT_HASLAM_SUBSET,/home/tnnrpolley21/Workspaces/Engineering/ePC-SAFT/data/reference/MIAC/water/water-LiBr.csv,8daf2ca847a4b901e3f18965d7dfb6788bfb92897534f29b37f5018e9a211760,VERIFIED_VALUE_MATCH,,NO_LOCAL_OSMOTIC_FILE
HW1972-T10-LiBr-m0.5,LiBr,10,19,1064,0.5,0.97,0.754,DIRECT_HAMER_WU_HASLAM_MEMBERSHIP_UNKNOWN,DIRECT_HAMER_WU_EXACT_HASLAM_SUBSET,/home/tnnrpolley21/Workspaces/Engineering/ePC-SAFT/data/reference/MIAC/water/water-LiBr.csv,8daf2ca847a4b901e3f18965d7dfb6788bfb92897534f29b37f5018e9a211760,VERIFIED_VALUE_MATCH,,NO_LOCAL_OSMOTIC_FILE
HW1972-T10-LiBr-m0.6,LiBr,10,19,1064,0.6,0.982,0.759,DIRECT_HAMER_WU_HASLAM_MEMBERSHIP_UNKNOWN,DIRECT_HAMER_WU_EXACT_HASLAM_SUBSET,/home/tnnrpolley21/Workspaces/Engineering/ePC-SAFT/data/reference/MIAC/water/water-LiBr.csv,8daf2ca847a4b901e3f18965d7dfb6788bfb92897534f29b37f5018e9a211760,VERIFIED_VALUE_MATCH,,NO_LOCAL_OSMOTIC_FILE
HW1972-T10-LiBr-m0.7,LiBr,10,19,1064,0.7,0.994,0.767,DIRECT_HAMER_WU_HASLAM_MEMBERSHIP_UNKNOWN,DIRECT_HAMER_WU_EXACT_HASLAM_SUBSET,/home/tnnrpolley21/Workspaces/Engineering/ePC-SAFT/data/reference/MIAC/water/water-LiBr.csv,8daf2ca847a4b901e3f18965d7dfb6788bfb92897534f29b37f5018e9a211760,VERIFIED_VALUE_MATCH,,NO_LOCAL_OSMOTIC_FILE
HW1972-T10-LiBr-m0.8,LiBr,10,19,1064,0.8,1.007,0.778,DIRECT_HAMER_WU_HASLAM_MEMBERSHIP_UNKNOWN,DIRECT_HAMER_WU_EXACT_HASLAM_SUBSET,/home/tnnrpolley21/Workspaces/Engineering/ePC-SAFT/data/reference/MIAC/water/water-LiBr.csv,8daf2ca847a4b901e3f18965d7dfb6788bfb92897534f29b37f5018e9a211760,VERIFIED_VALUE_MATCH,,NO_LOCAL_OSMOTIC_FILE
HW1972-T10-LiBr-m0.9,LiBr,10,19,1064,0.9,1.021,0.789,DIRECT_HAMER_WU_HASLAM_MEMBERSHIP_UNKNOWN,DIRECT_HAMER_WU_EXACT_HASLAM_SUBSET,/home/tnnrpolley21/Workspaces/Engineering/ePC-SAFT/data/reference/MIAC/water/water-LiBr.csv,8daf2ca847a4b901e3f18965d7dfb6788bfb92897534f29b37f5018e9a211760,VERIFIED_VALUE_MATCH,,NO_LOCAL_OSMOTIC_FILE
HW1972-T10-LiBr-m1,LiBr,10,19,1064,1,1.035,0.803,DIRECT_HAMER_WU_HASLAM_MEMBERSHIP_UNKNOWN,DIRECT_HAMER_WU_EXACT_HASLAM_SUBSET,/home/tnnrpolley21/Workspaces/Engineering/ePC-SAFT/data/reference/MIAC/water/water-LiBr.csv,8daf2ca847a4b901e3f18965d7dfb6788bfb92897534f29b37f5018e9a211760,VERIFIED_VALUE_MATCH,,NO_LOCAL_OSMOTIC_FILE
HW1972-T10-LiBr-m1.2,LiBr,10,19,1064,1.2,1.064,0.834,DIRECT_HAMER_WU_HASLAM_MEMBERSHIP_UNKNOWN,DIRECT_HAMER_WU_EXACT_HASLAM_SUBSET,/home/tnnrpolley21/Workspaces/Engineering/ePC-SAFT/data/reference/MIAC/water/water-LiBr.csv,8daf2ca847a4b901e3f18965d7dfb6788bfb92897534f29b37f5018e9a211760,VERIFIED_VALUE_MATCH,,NO_LOCAL_OSMOTIC_FILE
HW1972-T10-LiBr-m1.4,LiBr,10,19,1064,1.4,1.095,0.871,DIRECT_HAMER_WU_HASLAM_MEMBERSHIP_UNKNOWN,DIRECT_HAMER_WU_EXACT_HASLAM_SUBSET,/home/tnnrpolley21/Workspaces/Engineering/ePC-SAFT/data/reference/MIAC/water/water-LiBr.csv,8daf2ca847a4b901e3f18965d7dfb6788bfb92897534f29b37f5018e9a211760,VERIFIED_VALUE_MATCH,,NO_LOCAL_OSMOTIC_FILE
HW1972-T10-LiBr-m1.6,LiBr,10,19,1064,1.6,1.127,0.913,DIRECT_HAMER_WU_HASLAM_MEMBERSHIP_UNKNOWN,DIRECT_HAMER_WU_EXACT_HASLAM_SUBSET,/home/tnnrpolley21/Workspaces/Engineering/ePC-SAFT/data/reference/MIAC/water/water-LiBr.csv,8daf2ca847a4b901e3f18965d7dfb6788bfb92897534f29b37f5018e9a211760,VERIFIED_VALUE_MATCH,,NO_LOCAL_OSMOTIC_FILE
HW1972-T10-LiBr-m1.8,LiBr,10,19,1064,1.8,1.16,0.96,DIRECT_HAMER_WU_HASLAM_MEMBERSHIP_UNKNOWN,DIRECT_HAMER_WU_EXACT_HASLAM_SUBSET,/home/tnnrpolley21/Workspaces/Engineering/ePC-SAFT/data/reference/MIAC/water/water-LiBr.csv,8daf2ca847a4b901e3f18965d7dfb6788bfb92897534f29b37f5018e9a211760,VERIFIED_VALUE_MATCH,,NO_LOCAL_OSMOTIC_FILE
HW1972-T10-LiBr-m2,LiBr,10,19,1064,2,1.195,1.012,DIRECT_HAMER_WU_HASLAM_MEMBERSHIP_UNKNOWN,DIRECT_HAMER_WU_EXACT_HASLAM_SUBSET,/home/tnnrpolley21/Workspaces/Engineering/ePC-SAFT/data/reference/MIAC/water/water-LiBr.csv,8daf2ca847a4b901e3f18965d7dfb6788bfb92897534f29b37f5018e9a211760,VERIFIED_VALUE_MATCH,,NO_LOCAL_OSMOTIC_FILE
HW1972-T10-LiBr-m2.5,LiBr,10,19,1064,2.5,1.284,1.166,DIRECT_HAMER_WU_HASLAM_MEMBERSHIP_UNKNOWN,DIRECT_HAMER_WU_EXACT_HASLAM_SUBSET,/home/tnnrpolley21/Workspaces/Engineering/ePC-SAFT/data/reference/MIAC/water/water-LiBr.csv,8daf2ca847a4b901e3f18965d7dfb6788bfb92897534f29b37f5018e9a211760,VERIFIED_VALUE_MATCH,,NO_LOCAL_OSMOTIC_FILE
HW1972-T10-LiBr-m3,LiBr,10,19,1064,3,1.377,1.359,DIRECT_HAMER_WU_HASLAM_MEMBERSHIP_UNKNOWN,DIRECT_HAMER_WU_EXACT_HASLAM_SUBSET,/home/tnnrpolley21/Workspaces/Engineering/ePC-SAFT/data/reference/MIAC/water/water-LiBr.csv,8daf2ca847a4b901e3f18965d7dfb6788bfb92897534f29b37f5018e9a211760,VERIFIED_VALUE_MATCH,,NO_LOCAL_OSMOTIC_FILE
HW1972-T11-LiI-m0.001,LiI,11,19,1064,0.001,0.989,0.966,DIRECT_HAMER_WU_HASLAM_MEMBERSHIP_UNKNOWN,DIRECT_HAMER_WU_EXACT_HASLAM_SUBSET,/home/tnnrpolley21/Workspaces/Engineering/ePC-SAFT/data/reference/MIAC/water/water-LiI.csv,c3c65cb0a7d484313515c9bf0b4d709241f274748724f936a891c63ed283253f,VERIFIED_VALUE_MATCH,,NO_LOCAL_OSMOTIC_FILE
HW1972-T11-LiI-m0.002,LiI,11,19,1064,0.002,0.985,0.953,DIRECT_HAMER_WU_HASLAM_MEMBERSHIP_UNKNOWN,DIRECT_HAMER_WU_EXACT_HASLAM_SUBSET,/home/tnnrpolley21/Workspaces/Engineering/ePC-SAFT/data/reference/MIAC/water/water-LiI.csv,c3c65cb0a7d484313515c9bf0b4d709241f274748724f936a891c63ed283253f,VERIFIED_VALUE_MATCH,,NO_LOCAL_OSMOTIC_FILE
HW1972-T11-LiI-m0.005,LiI,11,19,1064,0.005,0.978,0.93,DIRECT_HAMER_WU_HASLAM_MEMBERSHIP_UNKNOWN,DIRECT_HAMER_WU_EXACT_HASLAM_SUBSET,/home/tnnrpolley21/Workspaces/Engineering/ePC-SAFT/data/reference/MIAC/water/water-LiI.csv,c3c65cb0a7d484313515c9bf0b4d709241f274748724f936a891c63ed283253f,VERIFIED_VALUE_MATCH,,NO_LOCAL_OSMOTIC_FILE
HW1972-T11-LiI-m0.01,LiI,11,19,1064,0.01,0.971,0.908,DIRECT_HAMER_WU_HASLAM_MEMBERSHIP_UNKNOWN,DIRECT_HAMER_WU_EXACT_HASLAM_SUBSET,/home/tnnrpolley21/Workspaces/Engineering/ePC-SAFT/data/reference/MIAC/water/water-LiI.csv,c3c65cb0a7d484313515c9bf0b4d709241f274748724f936a891c63ed283253f,VERIFIED_VALUE_MATCH,,NO_LOCAL_OSMOTIC_FILE
HW1972-T11-LiI-m0.02,LiI,11,19,1064,0.02,0.964,0.882,DIRECT_HAMER_WU_HASLAM_MEMBERSHIP_UNKNOWN,DIRECT_HAMER_WU_EXACT_HASLAM_SUBSET,/home/tnnrpolley21/Workspaces/Engineering/ePC-SAFT/data/reference/MIAC/water/water-LiI.csv,c3c65cb0a7d484313515c9bf0b4d709241f274748724f936a891c63ed283253f,VERIFIED_VALUE_MATCH,,NO_LOCAL_OSMOTIC_FILE
HW1972-T11-LiI-m0.05,LiI,11,19,1064,0.05,0.956,0.843,DIRECT_HAMER_WU_HASLAM_MEMBERSHIP_UNKNOWN,DIRECT_HAMER_WU_EXACT_HASLAM_SUBSET,/home/tnnrpolley21/Workspaces/Engineering/ePC-SAFT/data/reference/MIAC/water/water-LiI.csv,c3c65cb0a7d484313515c9bf0b4d709241f274748724f936a891c63ed283253f,VERIFIED_VALUE_MATCH,,NO_LOCAL_OSMOTIC_FILE
HW1972-T11-LiI-m0.1,LiI,11,19,1064,0.1,0.956,0.817,DIRECT_HAMER_WU_HASLAM_MEMBERSHIP_UNKNOWN,DIRECT_HAMER_WU_EXACT_HASLAM_SUBSET,/home/tnnrpolley21/Workspaces/Engineering/ePC-SAFT/data/reference/MIAC/water/water-LiI.csv,c3c65cb0a7d484313515c9bf0b4d709241f274748724f936a891c63ed283253f,VERIFIED_VALUE_MATCH,,NO_LOCAL_OSMOTIC_FILE
HW1972-T11-LiI-m0.2,LiI,11,19,1064,0.2,0.965,0.802,DIRECT_HAMER_WU_HASLAM_MEMBERSHIP_UNKNOWN,DIRECT_HAMER_WU_EXACT_HASLAM_SUBSET,/home/tnnrpolley21/Workspaces/Engineering/ePC-SAFT/data/reference/MIAC/water/water-LiI.csv,c3c65cb0a7d484313515c9bf0b4d709241f274748724f936a891c63ed283253f,VERIFIED_VALUE_MATCH,,NO_LOCAL_OSMOTIC_FILE
HW1972-T11-LiI-m0.3,LiI,11,19,1064,0.3,0.978,0.803,DIRECT_HAMER_WU_HASLAM_MEMBERSHIP_UNKNOWN,DIRECT_HAMER_WU_EXACT_HASLAM_SUBSET,/home/tnnrpolley21/Workspaces/Engineering/ePC-SAFT/data/reference/MIAC/water/water-LiI.csv,c3c65cb0a7d484313515c9bf0b4d709241f274748724f936a891c63ed283253f,VERIFIED_VALUE_MATCH,,NO_LOCAL_OSMOTIC_FILE
HW1972-T11-LiI-m0.4,LiI,11,19,1064,0.4,0.993,0.811,DIRECT_HAMER_WU_HASLAM_MEMBERSHIP_UNKNOWN,DIRECT_HAMER_WU_EXACT_HASLAM_SUBSET,/home/tnnrpolley21/Workspaces/Engineering/ePC-SAFT/data/reference/MIAC/water/water-LiI.csv,c3c65cb0a7d484313515c9bf0b4d709241f274748724f936a891c63ed283253f,VERIFIED_VALUE_MATCH,,NO_LOCAL_OSMOTIC_FILE
HW1972-T11-LiI-m0.5,LiI,11,19,1064,0.5,1.008,0.824,DIRECT_HAMER_WU_HASLAM_MEMBERSHIP_UNKNOWN,DIRECT_HAMER_WU_EXACT_HASLAM_SUBSET,/home/tnnrpolley21/Workspaces/Engineering/ePC-SAFT/data/reference/MIAC/water/water-LiI.csv,c3c65cb0a7d484313515c9bf0b4d709241f274748724f936a891c63ed283253f,VERIFIED_VALUE_MATCH,,NO_LOCAL_OSMOTIC_FILE
HW1972-T11-LiI-m0.6,LiI,11,19,1064,0.6,1.023,0.838,DIRECT_HAMER_WU_HASLAM_MEMBERSHIP_UNKNOWN,DIRECT_HAMER_WU_EXACT_HASLAM_SUBSET,/home/tnnrpolley21/Workspaces/Engineering/ePC-SAFT/data/reference/MIAC/water/water-LiI.csv,c3c65cb0a7d484313515c9bf0b4d709241f274748724f936a891c63ed283253f,VERIFIED_VALUE_MATCH,,NO_LOCAL_OSMOTIC_FILE
HW1972-T11-LiI-m0.7,LiI,11,19,1064,0.7,1.037,0.855,DIRECT_HAMER_WU_HASLAM_MEMBERSHIP_UNKNOWN,DIRECT_HAMER_WU_EXACT_HASLAM_SUBSET,/home/tnnrpolley21/Workspaces/Engineering/ePC-SAFT/data/reference/MIAC/water/water-LiI.csv,c3c65cb0a7d484313515c9bf0b4d709241f274748724f936a891c63ed283253f,VERIFIED_VALUE_MATCH,,NO_LOCAL_OSMOTIC_FILE
HW1972-T11-LiI-m0.8,LiI,11,19,1064,0.8,1.052,0.872,DIRECT_HAMER_WU_HASLAM_MEMBERSHIP_UNKNOWN,DIRECT_HAMER_WU_EXACT_HASLAM_SUBSET,/home/tnnrpolley21/Workspaces/Engineering/ePC-SAFT/data/reference/MIAC/water/water-LiI.csv,c3c65cb0a7d484313515c9bf0b4d709241f274748724f936a891c63ed283253f,VERIFIED_VALUE_MATCH,,NO_LOCAL_OSMOTIC_FILE
HW1972-T11-LiI-m0.9,LiI,11,19,1064,0.9,1.067,0.892,DIRECT_HAMER_WU_HASLAM_MEMBERSHIP_UNKNOWN,DIRECT_HAMER_WU_EXACT_HASLAM_SUBSET,/home/tnnrpolley21/Workspaces/Engineering/ePC-SAFT/data/reference/MIAC/water/water-LiI.csv,c3c65cb0a7d484313515c9bf0b4d709241f274748724f936a891c63ed283253f,VERIFIED_VALUE_MATCH,,NO_LOCAL_OSMOTIC_FILE
HW1972-T11-LiI-m1,LiI,11,19,1064,1,1.082,0.912,DIRECT_HAMER_WU_HASLAM_MEMBERSHIP_UNKNOWN,DIRECT_HAMER_WU_EXACT_HASLAM_SUBSET,/home/tnnrpolley21/Workspaces/Engineering/ePC-SAFT/data/reference/MIAC/water/water-LiI.csv,c3c65cb0a7d484313515c9bf0b4d709241f274748724f936a891c63ed283253f,VERIFIED_VALUE_MATCH,,NO_LOCAL_OSMOTIC_FILE
HW1972-T11-LiI-m1.2,LiI,11,19,1064,1.2,1.112,0.957,DIRECT_HAMER_WU_HASLAM_MEMBERSHIP_UNKNOWN,DIRECT_HAMER_WU_EXACT_HASLAM_SUBSET,/home/tnnrpolley21/Workspaces/Engineering/ePC-SAFT/data/reference/MIAC/water/water-LiI.csv,c3c65cb0a7d484313515c9bf0b4d709241f274748724f936a891c63ed283253f,VERIFIED_VALUE_MATCH,,NO_LOCAL_OSMOTIC_FILE
HW1972-T11-LiI-m1.4,LiI,11,19,1064,1.4,1.143,1.007,DIRECT_HAMER_WU_HASLAM_MEMBERSHIP_UNKNOWN,DIRECT_HAMER_WU_EXACT_HASLAM_SUBSET,/home/tnnrpolley21/Workspaces/Engineering/ePC-SAFT/data/reference/MIAC/water/water-LiI.csv,c3c65cb0a7d484313515c9bf0b4d709241f274748724f936a891c63ed283253f,VERIFIED_VALUE_MATCH,,NO_LOCAL_OSMOTIC_FILE
HW1972-T11-LiI-m1.6,LiI,11,19,1064,1.6,1.176,1.063,DIRECT_HAMER_WU_HASLAM_MEMBERSHIP_UNKNOWN,DIRECT_HAMER_WU_EXACT_HASLAM_SUBSET,/home/tnnrpolley21/Workspaces/Engineering/ePC-SAFT/data/reference/MIAC/water/water-LiI.csv,c3c65cb0a7d484313515c9bf0b4d709241f274748724f936a891c63ed283253f,VERIFIED_VALUE_MATCH,,NO_LOCAL_OSMOTIC_FILE
HW1972-T11-LiI-m1.8,LiI,11,19,1064,1.8,1.211,1.126,DIRECT_HAMER_WU_HASLAM_MEMBERSHIP_UNKNOWN,DIRECT_HAMER_WU_EXACT_HASLAM_SUBSET,/home/tnnrpolley21/Workspaces/Engineering/ePC-SAFT/data/reference/MIAC/water/water-LiI.csv,c3c65cb0a7d484313515c9bf0b4d709241f274748724f936a891c63ed283253f,VERIFIED_VALUE_MATCH,,NO_LOCAL_OSMOTIC_FILE
HW1972-T11-LiI-m2,LiI,11,19,1064,2,1.249,1.197,DIRECT_HAMER_WU_HASLAM_MEMBERSHIP_UNKNOWN,DIRECT_HAMER_WU_EXACT_HASLAM_SUBSET,/home/tnnrpolley21/Workspaces/Engineering/ePC-SAFT/data/reference/MIAC/water/water-LiI.csv,c3c65cb0a7d484313515c9bf0b4d709241f274748724f936a891c63ed283253f,VERIFIED_VALUE_MATCH,,NO_LOCAL_OSMOTIC_FILE
HW1972-T11-LiI-m2.5,LiI,11,19,1064,2.5,1.353,1.42,DIRECT_HAMER_WU_HASLAM_MEMBERSHIP_UNKNOWN,DIRECT_HAMER_WU_EXACT_HASLAM_SUBSET,/home/tnnrpolley21/Workspaces/Engineering/ePC-SAFT/data/reference/MIAC/water/water-LiI.csv,c3c65cb0a7d484313515c9bf0b4d709241f274748724f936a891c63ed283253f,VERIFIED_VALUE_MATCH,,NO_LOCAL_OSMOTIC_FILE
HW1972-T11-LiI-m3,LiI,11,19,1064,3,1.471,1.722,DIRECT_HAMER_WU_HASLAM_MEMBERSHIP_UNKNOWN,DIRECT_HAMER_WU_EXACT_HASLAM_SUBSET,/home/tnnrpolley21/Workspaces/Engineering/ePC-SAFT/data/reference/MIAC/water/water-LiI.csv,c3c65cb0a7d484313515c9bf0b4d709241f274748724f936a891c63ed283253f,VERIFIED_VALUE_MATCH,,NO_LOCAL_OSMOTIC_FILE
HW1972-T16-NaCl-m0.001,NaCl,16,22,1067,0.001,0.988,0.965,DIRECT_HAMER_WU_NOT_EXACT_HASLAM_SUBSET,DIRECT_HAMER_WU_NOT_EXACT_HASLAM_SUBSET,/home/tnnrpolley21/Workspaces/Engineering/ePC-SAFT/data/reference/MIAC/water/water-NaCl.csv,2c2f9d421e79f651694180cce9dcf8f387272a2141ed18e0fdbd2e8fa1ab80a8,VERIFIED_VALUE_MATCH,/home/tnnrpolley21/Workspaces/Engineering/ePC-SAFT/data/reference/osmotic/water/NaCl.csv,LOCAL_CANDIDATE_NO_EXACT_ROW_MATCH
HW1972-T16-NaCl-m0.002,NaCl,16,22,1067,0.002,0.984,0.952,DIRECT_HAMER_WU_NOT_EXACT_HASLAM_SUBSET,DIRECT_HAMER_WU_NOT_EXACT_HASLAM_SUBSET,/home/tnnrpolley21/Workspaces/Engineering/ePC-SAFT/data/reference/MIAC/water/water-NaCl.csv,2c2f9d421e79f651694180cce9dcf8f387272a2141ed18e0fdbd2e8fa1ab80a8,VERIFIED_VALUE_MATCH,/home/tnnrpolley21/Workspaces/Engineering/ePC-SAFT/data/reference/osmotic/water/NaCl.csv,LOCAL_CANDIDATE_NO_EXACT_ROW_MATCH
HW1972-T16-NaCl-m0.005,NaCl,16,22,1067,0.005,0.976,0.928,DIRECT_HAMER_WU_NOT_EXACT_HASLAM_SUBSET,DIRECT_HAMER_WU_NOT_EXACT_HASLAM_SUBSET,/home/tnnrpolley21/Workspaces/Engineering/ePC-SAFT/data/reference/MIAC/water/water-NaCl.csv,2c2f9d421e79f651694180cce9dcf8f387272a2141ed18e0fdbd2e8fa1ab80a8,VERIFIED_VALUE_MATCH,/home/tnnrpolley21/Workspaces/Engineering/ePC-SAFT/data/reference/osmotic/water/NaCl.csv,LOCAL_CANDIDATE_NO_EXACT_ROW_MATCH
HW1972-T16-NaCl-m0.01,NaCl,16,22,1067,0.01,0.968,0.903,DIRECT_HAMER_WU_NOT_EXACT_HASLAM_SUBSET,DIRECT_HAMER_WU_NOT_EXACT_HASLAM_SUBSET,/home/tnnrpolley21/Workspaces/Engineering/ePC-SAFT/data/reference/MIAC/water/water-NaCl.csv,2c2f9d421e79f651694180cce9dcf8f387272a2141ed18e0fdbd2e8fa1ab80a8,VERIFIED_VALUE_MATCH,/home/tnnrpolley21/Workspaces/Engineering/ePC-SAFT/data/reference/osmotic/water/NaCl.csv,LOCAL_CANDIDATE_NO_EXACT_ROW_MATCH
HW1972-T16-NaCl-m0.02,NaCl,16,22,1067,0.02,0.959,0.872,DIRECT_HAMER_WU_NOT_EXACT_HASLAM_SUBSET,DIRECT_HAMER_WU_NOT_EXACT_HASLAM_SUBSET,/home/tnnrpolley21/Workspaces/Engineering/ePC-SAFT/data/reference/MIAC/water/water-NaCl.csv,2c2f9d421e79f651694180cce9dcf8f387272a2141ed18e0fdbd2e8fa1ab80a8,VERIFIED_VALUE_MATCH,/home/tnnrpolley21/Workspaces/Engineering/ePC-SAFT/data/reference/osmotic/water/NaCl.csv,LOCAL_CANDIDATE_NO_EXACT_ROW_MATCH
HW1972-T16-NaCl-m0.05,NaCl,16,22,1067,0.05,0.944,0.822,DIRECT_HAMER_WU_NOT_EXACT_HASLAM_SUBSET,DIRECT_HAMER_WU_NOT_EXACT_HASLAM_SUBSET,/home/tnnrpolley21/Workspaces/Engineering/ePC-SAFT/data/reference/MIAC/water/water-NaCl.csv,2c2f9d421e79f651694180cce9dcf8f387272a2141ed18e0fdbd2e8fa1ab80a8,VERIFIED_VALUE_MATCH,/home/tnnrpolley21/Workspaces/Engineering/ePC-SAFT/data/reference/osmotic/water/NaCl.csv,LOCAL_CANDIDATE_NO_EXACT_ROW_MATCH
HW1972-T16-NaCl-m0.1,NaCl,16,22,1067,0.1,0.933,0.779,DIRECT_HAMER_WU_NOT_EXACT_HASLAM_SUBSET,DIRECT_HAMER_WU_NOT_EXACT_HASLAM_SUBSET,/home/tnnrpolley21/Workspaces/Engineering/ePC-SAFT/data/reference/MIAC/water/water-NaCl.csv,2c2f9d421e79f651694180cce9dcf8f387272a2141ed18e0fdbd2e8fa1ab80a8,VERIFIED_VALUE_MATCH,/home/tnnrpolley21/Workspaces/Engineering/ePC-SAFT/data/reference/osmotic/water/NaCl.csv,LOCAL_CANDIDATE_NO_EXACT_ROW_MATCH
HW1972-T16-NaCl-m0.2,NaCl,16,22,1067,0.2,0.924,0.734,DIRECT_HAMER_WU_NOT_EXACT_HASLAM_SUBSET,DIRECT_HAMER_WU_NOT_EXACT_HASLAM_SUBSET,/home/tnnrpolley21/Workspaces/Engineering/ePC-SAFT/data/reference/MIAC/water/water-NaCl.csv,2c2f9d421e79f651694180cce9dcf8f387272a2141ed18e0fdbd2e8fa1ab80a8,VERIFIED_VALUE_MATCH,/home/tnnrpolley21/Workspaces/Engineering/ePC-SAFT/data/reference/osmotic/water/NaCl.csv,LOCAL_CANDIDATE_NO_EXACT_ROW_MATCH
HW1972-T16-NaCl-m0.3,NaCl,16,22,1067,0.3,0.921,0.709,DIRECT_HAMER_WU_NOT_EXACT_HASLAM_SUBSET,DIRECT_HAMER_WU_NOT_EXACT_HASLAM_SUBSET,/home/tnnrpolley21/Workspaces/Engineering/ePC-SAFT/data/reference/MIAC/water/water-NaCl.csv,2c2f9d421e79f651694180cce9dcf8f387272a2141ed18e0fdbd2e8fa1ab80a8,VERIFIED_VALUE_MATCH,/home/tnnrpolley21/Workspaces/Engineering/ePC-SAFT/data/reference/osmotic/water/NaCl.csv,LOCAL_CANDIDATE_NO_EXACT_ROW_MATCH
HW1972-T16-NaCl-m0.4,NaCl,16,22,1067,0.4,0.92,0.693,DIRECT_HAMER_WU_NOT_EXACT_HASLAM_SUBSET,DIRECT_HAMER_WU_NOT_EXACT_HASLAM_SUBSET,/home/tnnrpolley21/Workspaces/Engineering/ePC-SAFT/data/reference/MIAC/water/water-NaCl.csv,2c2f9d421e79f651694180cce9dcf8f387272a2141ed18e0fdbd2e8fa1ab80a8,VERIFIED_VALUE_MATCH,/home/tnnrpolley21/Workspaces/Engineering/ePC-SAFT/data/reference/osmotic/water/NaCl.csv,LOCAL_CANDIDATE_NO_EXACT_ROW_MATCH
HW1972-T16-NaCl-m0.5,NaCl,16,22,1067,0.5,0.921,0.681,DIRECT_HAMER_WU_NOT_EXACT_HASLAM_SUBSET,DIRECT_HAMER_WU_NOT_EXACT_HASLAM_SUBSET,/home/tnnrpolley21/Workspaces/Engineering/ePC-SAFT/data/reference/MIAC/water/water-NaCl.csv,2c2f9d421e79f651694180cce9dcf8f387272a2141ed18e0fdbd2e8fa1ab80a8,VERIFIED_VALUE_MATCH,/home/tnnrpolley21/Workspaces/Engineering/ePC-SAFT/data/reference/osmotic/water/NaCl.csv,LOCAL_CANDIDATE_NO_EXACT_ROW_MATCH
HW1972-T16-NaCl-m0.6,NaCl,16,22,1067,0.6,0.923,0.673,DIRECT_HAMER_WU_NOT_EXACT_HASLAM_SUBSET,DIRECT_HAMER_WU_NOT_EXACT_HASLAM_SUBSET,/home/tnnrpolley21/Workspaces/Engineering/ePC-SAFT/data/reference/MIAC/water/water-NaCl.csv,2c2f9d421e79f651694180cce9dcf8f387272a2141ed18e0fdbd2e8fa1ab80a8,VERIFIED_VALUE_MATCH,/home/tnnrpolley21/Workspaces/Engineering/ePC-SAFT/data/reference/osmotic/water/NaCl.csv,LOCAL_CANDIDATE_NO_EXACT_ROW_MATCH
HW1972-T16-NaCl-m0.7,NaCl,16,22,1067,0.7,0.926,0.667,DIRECT_HAMER_WU_NOT_EXACT_HASLAM_SUBSET,DIRECT_HAMER_WU_NOT_EXACT_HASLAM_SUBSET,/home/tnnrpolley21/Workspaces/Engineering/ePC-SAFT/data/reference/MIAC/water/water-NaCl.csv,2c2f9d421e79f651694180cce9dcf8f387272a2141ed18e0fdbd2e8fa1ab80a8,VERIFIED_VALUE_MATCH,/home/tnnrpolley21/Workspaces/Engineering/ePC-SAFT/data/reference/osmotic/water/NaCl.csv,LOCAL_CANDIDATE_NO_EXACT_ROW_MATCH
HW1972-T16-NaCl-m0.8,NaCl,16,22,1067,0.8,0.929,0.662,DIRECT_HAMER_WU_NOT_EXACT_HASLAM_SUBSET,DIRECT_HAMER_WU_NOT_EXACT_HASLAM_SUBSET,/home/tnnrpolley21/Workspaces/Engineering/ePC-SAFT/data/reference/MIAC/water/water-NaCl.csv,2c2f9d421e79f651694180cce9dcf8f387272a2141ed18e0fdbd2e8fa1ab80a8,VERIFIED_VALUE_MATCH,/home/tnnrpolley21/Workspaces/Engineering/ePC-SAFT/data/reference/osmotic/water/NaCl.csv,LOCAL_CANDIDATE_NO_EXACT_ROW_MATCH
HW1972-T16-NaCl-m0.9,NaCl,16,22,1067,0.9,0.932,0.659,DIRECT_HAMER_WU_NOT_EXACT_HASLAM_SUBSET,DIRECT_HAMER_WU_NOT_EXACT_HASLAM_SUBSET,/home/tnnrpolley21/Workspaces/Engineering/ePC-SAFT/data/reference/MIAC/water/water-NaCl.csv,2c2f9d421e79f651694180cce9dcf8f387272a2141ed18e0fdbd2e8fa1ab80a8,VERIFIED_VALUE_MATCH,/home/tnnrpolley21/Workspaces/Engineering/ePC-SAFT/data/reference/osmotic/water/NaCl.csv,LOCAL_CANDIDATE_NO_EXACT_ROW_MATCH
HW1972-T16-NaCl-m1,NaCl,16,22,1067,1,0.936,0.657,DIRECT_HAMER_WU_NOT_EXACT_HASLAM_SUBSET,DIRECT_HAMER_WU_NOT_EXACT_HASLAM_SUBSET,/home/tnnrpolley21/Workspaces/Engineering/ePC-SAFT/data/reference/MIAC/water/water-NaCl.csv,2c2f9d421e79f651694180cce9dcf8f387272a2141ed18e0fdbd2e8fa1ab80a8,VERIFIED_VALUE_MATCH,/home/tnnrpolley21/Workspaces/Engineering/ePC-SAFT/data/reference/osmotic/water/NaCl.csv,LOCAL_CANDIDATE_NO_EXACT_ROW_MATCH
HW1972-T16-NaCl-m1.2,NaCl,16,22,1067,1.2,0.944,0.655,DIRECT_HAMER_WU_NOT_EXACT_HASLAM_SUBSET,DIRECT_HAMER_WU_NOT_EXACT_HASLAM_SUBSET,/home/tnnrpolley21/Workspaces/Engineering/ePC-SAFT/data/reference/MIAC/water/water-NaCl.csv,2c2f9d421e79f651694180cce9dcf8f387272a2141ed18e0fdbd2e8fa1ab80a8,VERIFIED_VALUE_MATCH,/home/tnnrpolley21/Workspaces/Engineering/ePC-SAFT/data/reference/osmotic/water/NaCl.csv,LOCAL_CANDIDATE_NO_EXACT_ROW_MATCH
HW1972-T16-NaCl-m1.4,NaCl,16,22,1067,1.4,0.953,0.656,DIRECT_HAMER_WU_NOT_EXACT_HASLAM_SUBSET,DIRECT_HAMER_WU_NOT_EXACT_HASLAM_SUBSET,/home/tnnrpolley21/Workspaces/Engineering/ePC-SAFT/data/reference/MIAC/water/water-NaCl.csv,2c2f9d421e79f651694180cce9dcf8f387272a2141ed18e0fdbd2e8fa1ab80a8,VERIFIED_VALUE_MATCH,/home/tnnrpolley21/Workspaces/Engineering/ePC-SAFT/data/reference/osmotic/water/NaCl.csv,LOCAL_CANDIDATE_NO_EXACT_ROW_MATCH
HW1972-T16-NaCl-m1.6,NaCl,16,22,1067,1.6,0.962,0.658,DIRECT_HAMER_WU_NOT_EXACT_HASLAM_SUBSET,DIRECT_HAMER_WU_NOT_EXACT_HASLAM_SUBSET,/home/tnnrpolley21/Workspaces/Engineering/ePC-SAFT/data/reference/MIAC/water/water-NaCl.csv,2c2f9d421e79f651694180cce9dcf8f387272a2141ed18e0fdbd2e8fa1ab80a8,VERIFIED_VALUE_MATCH,/home/tnnrpolley21/Workspaces/Engineering/ePC-SAFT/data/reference/osmotic/water/NaCl.csv,LOCAL_CANDIDATE_NO_EXACT_ROW_MATCH
HW1972-T16-NaCl-m1.8,NaCl,16,22,1067,1.8,0.973,0.662,DIRECT_HAMER_WU_NOT_EXACT_HASLAM_SUBSET,DIRECT_HAMER_WU_NOT_EXACT_HASLAM_SUBSET,/home/tnnrpolley21/Workspaces/Engineering/ePC-SAFT/data/reference/MIAC/water/water-NaCl.csv,2c2f9d421e79f651694180cce9dcf8f387272a2141ed18e0fdbd2e8fa1ab80a8,VERIFIED_VALUE_MATCH,/home/tnnrpolley21/Workspaces/Engineering/ePC-SAFT/data/reference/osmotic/water/NaCl.csv,LOCAL_CANDIDATE_NO_EXACT_ROW_MATCH
HW1972-T16-NaCl-m2,NaCl,16,22,1067,2,0.984,0.668,DIRECT_HAMER_WU_NOT_EXACT_HASLAM_SUBSET,DIRECT_HAMER_WU_NOT_EXACT_HASLAM_SUBSET,/home/tnnrpolley21/Workspaces/Engineering/ePC-SAFT/data/reference/MIAC/water/water-NaCl.csv,2c2f9d421e79f651694180cce9dcf8f387272a2141ed18e0fdbd2e8fa1ab80a8,VERIFIED_VALUE_MATCH,/home/tnnrpolley21/Workspaces/Engineering/ePC-SAFT/data/reference/osmotic/water/NaCl.csv,LOCAL_CANDIDATE_NO_EXACT_ROW_MATCH
HW1972-T16-NaCl-m2.5,NaCl,16,22,1067,2.5,1.013,0.688,DIRECT_HAMER_WU_NOT_EXACT_HASLAM_SUBSET,DIRECT_HAMER_WU_NOT_EXACT_HASLAM_SUBSET,/home/tnnrpolley21/Workspaces/Engineering/ePC-SAFT/data/reference/MIAC/water/water-NaCl.csv,2c2f9d421e79f651694180cce9dcf8f387272a2141ed18e0fdbd2e8fa1ab80a8,VERIFIED_VALUE_MATCH,/home/tnnrpolley21/Workspaces/Engineering/ePC-SAFT/data/reference/osmotic/water/NaCl.csv,LOCAL_CANDIDATE_NO_EXACT_ROW_MATCH
HW1972-T16-NaCl-m3,NaCl,16,22,1067,3,1.045,0.714,DIRECT_HAMER_WU_NOT_EXACT_HASLAM_SUBSET,DIRECT_HAMER_WU_NOT_EXACT_HASLAM_SUBSET,/home/tnnrpolley21/Workspaces/Engineering/ePC-SAFT/data/reference/MIAC/water/water-NaCl.csv,2c2f9d421e79f651694180cce9dcf8f387272a2141ed18e0fdbd2e8fa1ab80a8,VERIFIED_VALUE_MATCH,/home/tnnrpolley21/Workspaces/Engineering/ePC-SAFT/data/reference/osmotic/water/NaCl.csv,LOCAL_CANDIDATE_NO_EXACT_ROW_MATCH
HW1972-T17-NaBr-m0.001,NaBr,17,23,1068,0.001,0.988,0.965,DIRECT_HAMER_WU_NOT_EXACT_HASLAM_SUBSET,DIRECT_HAMER_WU_EXACT_HASLAM_SUBSET,/home/tnnrpolley21/Workspaces/Engineering/ePC-SAFT/data/reference/MIAC/water/water-NaBr.csv,90182aed719106b6ca4d946aa451eedc998f2678a3aeaa4a07d4313b88aa084f,VERIFIED_VALUE_MATCH,,NO_LOCAL_OSMOTIC_FILE
HW1972-T17-NaBr-m0.002,NaBr,17,23,1068,0.002,0.984,0.952,DIRECT_HAMER_WU_NOT_EXACT_HASLAM_SUBSET,DIRECT_HAMER_WU_EXACT_HASLAM_SUBSET,/home/tnnrpolley21/Workspaces/Engineering/ePC-SAFT/data/reference/MIAC/water/water-NaBr.csv,90182aed719106b6ca4d946aa451eedc998f2678a3aeaa4a07d4313b88aa084f,VERIFIED_VALUE_MATCH,,NO_LOCAL_OSMOTIC_FILE
HW1972-T17-NaBr-m0.005,NaBr,17,23,1068,0.005,0.976,0.928,DIRECT_HAMER_WU_NOT_EXACT_HASLAM_SUBSET,DIRECT_HAMER_WU_EXACT_HASLAM_SUBSET,/home/tnnrpolley21/Workspaces/Engineering/ePC-SAFT/data/reference/MIAC/water/water-NaBr.csv,90182aed719106b6ca4d946aa451eedc998f2678a3aeaa4a07d4313b88aa084f,VERIFIED_VALUE_MATCH,,NO_LOCAL_OSMOTIC_FILE
HW1972-T17-NaBr-m0.01,NaBr,17,23,1068,0.01,0.969,0.903,DIRECT_HAMER_WU_NOT_EXACT_HASLAM_SUBSET,DIRECT_HAMER_WU_EXACT_HASLAM_SUBSET,/home/tnnrpolley21/Workspaces/Engineering/ePC-SAFT/data/reference/MIAC/water/water-NaBr.csv,90182aed719106b6ca4d946aa451eedc998f2678a3aeaa4a07d4313b88aa084f,VERIFIED_VALUE_MATCH,,NO_LOCAL_OSMOTIC_FILE
HW1972-T17-NaBr-m0.02,NaBr,17,23,1068,0.02,0.959,0.873,DIRECT_HAMER_WU_NOT_EXACT_HASLAM_SUBSET,DIRECT_HAMER_WU_EXACT_HASLAM_SUBSET,/home/tnnrpolley21/Workspaces/Engineering/ePC-SAFT/data/reference/MIAC/water/water-NaBr.csv,90182aed719106b6ca4d946aa451eedc998f2678a3aeaa4a07d4313b88aa084f,VERIFIED_VALUE_MATCH,,NO_LOCAL_OSMOTIC_FILE
HW1972-T17-NaBr-m0.05,NaBr,17,23,1068,0.05,0.945,0.824,DIRECT_HAMER_WU_NOT_EXACT_HASLAM_SUBSET,DIRECT_HAMER_WU_EXACT_HASLAM_SUBSET,/home/tnnrpolley21/Workspaces/Engineering/ePC-SAFT/data/reference/MIAC/water/water-NaBr.csv,90182aed719106b6ca4d946aa451eedc998f2678a3aeaa4a07d4313b88aa084f,VERIFIED_VALUE_MATCH,,NO_LOCAL_OSMOTIC_FILE
HW1972-T17-NaBr-m0.1,NaBr,17,23,1068,0.1,0.935,0.783,DIRECT_HAMER_WU_NOT_EXACT_HASLAM_SUBSET,DIRECT_HAMER_WU_EXACT_HASLAM_SUBSET,/home/tnnrpolley21/Workspaces/Engineering/ePC-SAFT/data/reference/MIAC/water/water-NaBr.csv,90182aed719106b6ca4d946aa451eedc998f2678a3aeaa4a07d4313b88aa084f,VERIFIED_VALUE_MATCH,,NO_LOCAL_OSMOTIC_FILE
HW1972-T17-NaBr-m0.2,NaBr,17,23,1068,0.2,0.929,0.742,DIRECT_HAMER_WU_NOT_EXACT_HASLAM_SUBSET,DIRECT_HAMER_WU_EXACT_HASLAM_SUBSET,/home/tnnrpolley21/Workspaces/Engineering/ePC-SAFT/data/reference/MIAC/water/water-NaBr.csv,90182aed719106b6ca4d946aa451eedc998f2678a3aeaa4a07d4313b88aa084f,ROW_ABSENT,,NO_LOCAL_OSMOTIC_FILE
HW1972-T17-NaBr-m0.3,NaBr,17,23,1068,0.3,0.928,0.72,DIRECT_HAMER_WU_NOT_EXACT_HASLAM_SUBSET,DIRECT_HAMER_WU_EXACT_HASLAM_SUBSET,/home/tnnrpolley21/Workspaces/Engineering/ePC-SAFT/data/reference/MIAC/water/water-NaBr.csv,90182aed719106b6ca4d946aa451eedc998f2678a3aeaa4a07d4313b88aa084f,ROW_ABSENT,,NO_LOCAL_OSMOTIC_FILE
HW1972-T17-NaBr-m0.4,NaBr,17,23,1068,0.4,0.929,0.706,DIRECT_HAMER_WU_NOT_EXACT_HASLAM_SUBSET,DIRECT_HAMER_WU_EXACT_HASLAM_SUBSET,/home/tnnrpolley21/Workspaces/Engineering/ePC-SAFT/data/reference/MIAC/water/water-NaBr.csv,90182aed719106b6ca4d946aa451eedc998f2678a3aeaa4a07d4313b88aa084f,ROW_ABSENT,,NO_LOCAL_OSMOTIC_FILE
HW1972-T17-NaBr-m0.5,NaBr,17,23,1068,0.5,0.932,0.697,DIRECT_HAMER_WU_NOT_EXACT_HASLAM_SUBSET,DIRECT_HAMER_WU_EXACT_HASLAM_SUBSET,/home/tnnrpolley21/Workspaces/Engineering/ePC-SAFT/data/reference/MIAC/water/water-NaBr.csv,90182aed719106b6ca4d946aa451eedc998f2678a3aeaa4a07d4313b88aa084f,ROW_ABSENT,,NO_LOCAL_OSMOTIC_FILE
HW1972-T17-NaBr-m0.6,NaBr,17,23,1068,0.6,0.936,0.692,DIRECT_HAMER_WU_NOT_EXACT_HASLAM_SUBSET,DIRECT_HAMER_WU_EXACT_HASLAM_SUBSET,/home/tnnrpolley21/Workspaces/Engineering/ePC-SAFT/data/reference/MIAC/water/water-NaBr.csv,90182aed719106b6ca4d946aa451eedc998f2678a3aeaa4a07d4313b88aa084f,VERIFIED_VALUE_MATCH,,NO_LOCAL_OSMOTIC_FILE
HW1972-T17-NaBr-m0.7,NaBr,17,23,1068,0.7,0.941,0.688,DIRECT_HAMER_WU_NOT_EXACT_HASLAM_SUBSET,DIRECT_HAMER_WU_EXACT_HASLAM_SUBSET,/home/tnnrpolley21/Workspaces/Engineering/ePC-SAFT/data/reference/MIAC/water/water-NaBr.csv,90182aed719106b6ca4d946aa451eedc998f2678a3aeaa4a07d4313b88aa084f,VERIFIED_VALUE_MATCH,,NO_LOCAL_OSMOTIC_FILE
HW1972-T17-NaBr-m0.8,NaBr,17,23,1068,0.8,0.946,0.687,DIRECT_HAMER_WU_NOT_EXACT_HASLAM_SUBSET,DIRECT_HAMER_WU_EXACT_HASLAM_SUBSET,/home/tnnrpolley21/Workspaces/Engineering/ePC-SAFT/data/reference/MIAC/water/water-NaBr.csv,90182aed719106b6ca4d946aa451eedc998f2678a3aeaa4a07d4313b88aa084f,VERIFIED_VALUE_MATCH,,NO_LOCAL_OSMOTIC_FILE
HW1972-T17-NaBr-m0.9,NaBr,17,23,1068,0.9,0.951,0.686,DIRECT_HAMER_WU_NOT_EXACT_HASLAM_SUBSET,DIRECT_HAMER_WU_EXACT_HASLAM_SUBSET,/home/tnnrpolley21/Workspaces/Engineering/ePC-SAFT/data/reference/MIAC/water/water-NaBr.csv,90182aed719106b6ca4d946aa451eedc998f2678a3aeaa4a07d4313b88aa084f,VERIFIED_VALUE_MATCH,,NO_LOCAL_OSMOTIC_FILE
HW1972-T17-NaBr-m1,NaBr,17,23,1068,1,0.957,0.687,DIRECT_HAMER_WU_NOT_EXACT_HASLAM_SUBSET,DIRECT_HAMER_WU_EXACT_HASLAM_SUBSET,/home/tnnrpolley21/Workspaces/Engineering/ePC-SAFT/data/reference/MIAC/water/water-NaBr.csv,90182aed719106b6ca4d946aa451eedc998f2678a3aeaa4a07d4313b88aa084f,VERIFIED_VALUE_MATCH,,NO_LOCAL_OSMOTIC_FILE
HW1972-T17-NaBr-m1.2,NaBr,17,23,1068,1.2,0.969,0.691,DIRECT_HAMER_WU_NOT_EXACT_HASLAM_SUBSET,DIRECT_HAMER_WU_EXACT_HASLAM_SUBSET,/home/tnnrpolley21/Workspaces/Engineering/ePC-SAFT/data/reference/MIAC/water/water-NaBr.csv,90182aed719106b6ca4d946aa451eedc998f2678a3aeaa4a07d4313b88aa084f,VERIFIED_VALUE_MATCH,,NO_LOCAL_OSMOTIC_FILE
HW1972-T17-NaBr-m1.4,NaBr,17,23,1068,1.4,0.983,0.697,DIRECT_HAMER_WU_NOT_EXACT_HASLAM_SUBSET,DIRECT_HAMER_WU_EXACT_HASLAM_SUBSET,/home/tnnrpolley21/Workspaces/Engineering/ePC-SAFT/data/reference/MIAC/water/water-NaBr.csv,90182aed719106b6ca4d946aa451eedc998f2678a3aeaa4a07d4313b88aa084f,VERIFIED_VALUE_MATCH,,NO_LOCAL_OSMOTIC_FILE
HW1972-T17-NaBr-m1.6,NaBr,17,23,1068,1.6,0.997,0.706,DIRECT_HAMER_WU_NOT_EXACT_HASLAM_SUBSET,DIRECT_HAMER_WU_EXACT_HASLAM_SUBSET,/home/tnnrpolley21/Workspaces/Engineering/ePC-SAFT/data/reference/MIAC/water/water-NaBr.csv,90182aed719106b6ca4d946aa451eedc998f2678a3aeaa4a07d4313b88aa084f,ROW_ABSENT,,NO_LOCAL_OSMOTIC_FILE
HW1972-T17-NaBr-m1.8,NaBr,17,23,1068,1.8,1.012,0.717,DIRECT_HAMER_WU_NOT_EXACT_HASLAM_SUBSET,DIRECT_HAMER_WU_EXACT_HASLAM_SUBSET,/home/tnnrpolley21/Workspaces/Engineering/ePC-SAFT/data/reference/MIAC/water/water-NaBr.csv,90182aed719106b6ca4d946aa451eedc998f2678a3aeaa4a07d4313b88aa084f,ROW_ABSENT,,NO_LOCAL_OSMOTIC_FILE
HW1972-T17-NaBr-m2,NaBr,17,23,1068,2,1.027,0.73,DIRECT_HAMER_WU_NOT_EXACT_HASLAM_SUBSET,DIRECT_HAMER_WU_EXACT_HASLAM_SUBSET,/home/tnnrpolley21/Workspaces/Engineering/ePC-SAFT/data/reference/MIAC/water/water-NaBr.csv,90182aed719106b6ca4d946aa451eedc998f2678a3aeaa4a07d4313b88aa084f,ROW_ABSENT,,NO_LOCAL_OSMOTIC_FILE
HW1972-T17-NaBr-m2.5,NaBr,17,23,1068,2.5,1.068,0.768,DIRECT_HAMER_WU_NOT_EXACT_HASLAM_SUBSET,DIRECT_HAMER_WU_EXACT_HASLAM_SUBSET,/home/tnnrpolley21/Workspaces/Engineering/ePC-SAFT/data/reference/MIAC/water/water-NaBr.csv,90182aed719106b6ca4d946aa451eedc998f2678a3aeaa4a07d4313b88aa084f,ROW_ABSENT,,NO_LOCAL_OSMOTIC_FILE
HW1972-T17-NaBr-m3,NaBr,17,23,1068,3,1.112,0.816,DIRECT_HAMER_WU_NOT_EXACT_HASLAM_SUBSET,DIRECT_HAMER_WU_EXACT_HASLAM_SUBSET,/home/tnnrpolley21/Workspaces/Engineering/ePC-SAFT/data/reference/MIAC/water/water-NaBr.csv,90182aed719106b6ca4d946aa451eedc998f2678a3aeaa4a07d4313b88aa084f,VERIFIED_VALUE_MATCH,,NO_LOCAL_OSMOTIC_FILE
HW1972-T18-NaI-m0.001,NaI,18,23,1068,0.001,0.989,0.965,DIRECT_HAMER_WU_HASLAM_MEMBERSHIP_UNKNOWN,DIRECT_HAMER_WU_EXACT_HASLAM_SUBSET,/home/tnnrpolley21/Workspaces/Engineering/ePC-SAFT/data/reference/MIAC/water/water-NaI.csv,65f07245438d6f50a61e72f9bbf4ac5d563942c162bad117811e31a2355c9bd4,VERIFIED_VALUE_MATCH,,NO_LOCAL_OSMOTIC_FILE
HW1972-T18-NaI-m0.002,NaI,18,23,1068,0.002,0.984,0.952,DIRECT_HAMER_WU_HASLAM_MEMBERSHIP_UNKNOWN,DIRECT_HAMER_WU_EXACT_HASLAM_SUBSET,/home/tnnrpolley21/Workspaces/Engineering/ePC-SAFT/data/reference/MIAC/water/water-NaI.csv,65f07245438d6f50a61e72f9bbf4ac5d563942c162bad117811e31a2355c9bd4,VERIFIED_VALUE_MATCH,,NO_LOCAL_OSMOTIC_FILE
HW1972-T18-NaI-m0.005,NaI,18,23,1068,0.005,0.977,0.928,DIRECT_HAMER_WU_HASLAM_MEMBERSHIP_UNKNOWN,DIRECT_HAMER_WU_EXACT_HASLAM_SUBSET,/home/tnnrpolley21/Workspaces/Engineering/ePC-SAFT/data/reference/MIAC/water/water-NaI.csv,65f07245438d6f50a61e72f9bbf4ac5d563942c162bad117811e31a2355c9bd4,VERIFIED_VALUE_MATCH,,NO_LOCAL_OSMOTIC_FILE
HW1972-T18-NaI-m0.01,NaI,18,23,1068,0.01,0.969,0.904,DIRECT_HAMER_WU_HASLAM_MEMBERSHIP_UNKNOWN,DIRECT_HAMER_WU_EXACT_HASLAM_SUBSET,/home/tnnrpolley21/Workspaces/Engineering/ePC-SAFT/data/reference/MIAC/water/water-NaI.csv,65f07245438d6f50a61e72f9bbf4ac5d563942c162bad117811e31a2355c9bd4,VERIFIED_VALUE_MATCH,,NO_LOCAL_OSMOTIC_FILE
HW1972-T18-NaI-m0.02,NaI,18,23,1068,0.02,0.96,0.874,DIRECT_HAMER_WU_HASLAM_MEMBERSHIP_UNKNOWN,DIRECT_HAMER_WU_EXACT_HASLAM_SUBSET,/home/tnnrpolley21/Workspaces/Engineering/ePC-SAFT/data/reference/MIAC/water/water-NaI.csv,65f07245438d6f50a61e72f9bbf4ac5d563942c162bad117811e31a2355c9bd4,VERIFIED_VALUE_MATCH,,NO_LOCAL_OSMOTIC_FILE
HW1972-T18-NaI-m0.05,NaI,18,23,1068,0.05,0.947,0.827,DIRECT_HAMER_WU_HASLAM_MEMBERSHIP_UNKNOWN,DIRECT_HAMER_WU_EXACT_HASLAM_SUBSET,/home/tnnrpolley21/Workspaces/Engineering/ePC-SAFT/data/reference/MIAC/water/water-NaI.csv,65f07245438d6f50a61e72f9bbf4ac5d563942c162bad117811e31a2355c9bd4,VERIFIED_VALUE_MATCH,,NO_LOCAL_OSMOTIC_FILE
HW1972-T18-NaI-m0.1,NaI,18,23,1068,0.1,0.939,0.789,DIRECT_HAMER_WU_HASLAM_MEMBERSHIP_UNKNOWN,DIRECT_HAMER_WU_EXACT_HASLAM_SUBSET,/home/tnnrpolley21/Workspaces/Engineering/ePC-SAFT/data/reference/MIAC/water/water-NaI.csv,65f07245438d6f50a61e72f9bbf4ac5d563942c162bad117811e31a2355c9bd4,VERIFIED_VALUE_MATCH,,NO_LOCAL_OSMOTIC_FILE
HW1972-T18-NaI-m0.2,NaI,18,23,1068,0.2,0.936,0.753,DIRECT_HAMER_WU_HASLAM_MEMBERSHIP_UNKNOWN,DIRECT_HAMER_WU_EXACT_HASLAM_SUBSET,/home/tnnrpolley21/Workspaces/Engineering/ePC-SAFT/data/reference/MIAC/water/water-NaI.csv,65f07245438d6f50a61e72f9bbf4ac5d563942c162bad117811e31a2355c9bd4,VERIFIED_VALUE_MATCH,,NO_LOCAL_OSMOTIC_FILE
HW1972-T18-NaI-m0.3,NaI,18,23,1068,0.3,0.938,0.735,DIRECT_HAMER_WU_HASLAM_MEMBERSHIP_UNKNOWN,DIRECT_HAMER_WU_EXACT_HASLAM_SUBSET,/home/tnnrpolley21/Workspaces/Engineering/ePC-SAFT/data/reference/MIAC/water/water-NaI.csv,65f07245438d6f50a61e72f9bbf4ac5d563942c162bad117811e31a2355c9bd4,VERIFIED_VALUE_MATCH,,NO_LOCAL_OSMOTIC_FILE
HW1972-T18-NaI-m0.4,NaI,18,23,1068,0.4,0.943,0.726,DIRECT_HAMER_WU_HASLAM_MEMBERSHIP_UNKNOWN,DIRECT_HAMER_WU_EXACT_HASLAM_SUBSET,/home/tnnrpolley21/Workspaces/Engineering/ePC-SAFT/data/reference/MIAC/water/water-NaI.csv,65f07245438d6f50a61e72f9bbf4ac5d563942c162bad117811e31a2355c9bd4,VERIFIED_VALUE_MATCH,,NO_LOCAL_OSMOTIC_FILE
HW1972-T18-NaI-m0.5,NaI,18,23,1068,0.5,0.95,0.722,DIRECT_HAMER_WU_HASLAM_MEMBERSHIP_UNKNOWN,DIRECT_HAMER_WU_EXACT_HASLAM_SUBSET,/home/tnnrpolley21/Workspaces/Engineering/ePC-SAFT/data/reference/MIAC/water/water-NaI.csv,65f07245438d6f50a61e72f9bbf4ac5d563942c162bad117811e31a2355c9bd4,VERIFIED_VALUE_MATCH,,NO_LOCAL_OSMOTIC_FILE
HW1972-T18-NaI-m0.6,NaI,18,23,1068,0.6,0.957,0.721,DIRECT_HAMER_WU_HASLAM_MEMBERSHIP_UNKNOWN,DIRECT_HAMER_WU_EXACT_HASLAM_SUBSET,/home/tnnrpolley21/Workspaces/Engineering/ePC-SAFT/data/reference/MIAC/water/water-NaI.csv,65f07245438d6f50a61e72f9bbf4ac5d563942c162bad117811e31a2355c9bd4,VERIFIED_VALUE_MATCH,,NO_LOCAL_OSMOTIC_FILE
HW1972-T18-NaI-m0.7,NaI,18,23,1068,0.7,0.964,0.722,DIRECT_HAMER_WU_HASLAM_MEMBERSHIP_UNKNOWN,DIRECT_HAMER_WU_EXACT_HASLAM_SUBSET,/home/tnnrpolley21/Workspaces/Engineering/ePC-SAFT/data/reference/MIAC/water/water-NaI.csv,65f07245438d6f50a61e72f9bbf4ac5d563942c162bad117811e31a2355c9bd4,VERIFIED_VALUE_MATCH,,NO_LOCAL_OSMOTIC_FILE
HW1972-T18-NaI-m0.8,NaI,18,23,1068,0.8,0.972,0.725,DIRECT_HAMER_WU_HASLAM_MEMBERSHIP_UNKNOWN,DIRECT_HAMER_WU_EXACT_HASLAM_SUBSET,/home/tnnrpolley21/Workspaces/Engineering/ePC-SAFT/data/reference/MIAC/water/water-NaI.csv,65f07245438d6f50a61e72f9bbf4ac5d563942c162bad117811e31a2355c9bd4,VERIFIED_VALUE_MATCH,,NO_LOCAL_OSMOTIC_FILE
HW1972-T18-NaI-m0.9,NaI,18,23,1068,0.9,0.981,0.729,DIRECT_HAMER_WU_HASLAM_MEMBERSHIP_UNKNOWN,DIRECT_HAMER_WU_EXACT_HASLAM_SUBSET,/home/tnnrpolley21/Workspaces/Engineering/ePC-SAFT/data/reference/MIAC/water/water-NaI.csv,65f07245438d6f50a61e72f9bbf4ac5d563942c162bad117811e31a2355c9bd4,VERIFIED_VALUE_MATCH,,NO_LOCAL_OSMOTIC_FILE
HW1972-T18-NaI-m1,NaI,18,23,1068,1,0.989,0.734,DIRECT_HAMER_WU_HASLAM_MEMBERSHIP_UNKNOWN,DIRECT_HAMER_WU_EXACT_HASLAM_SUBSET,/home/tnnrpolley21/Workspaces/Engineering/ePC-SAFT/data/reference/MIAC/water/water-NaI.csv,65f07245438d6f50a61e72f9bbf4ac5d563942c162bad117811e31a2355c9bd4,VERIFIED_VALUE_MATCH,,NO_LOCAL_OSMOTIC_FILE
HW1972-T18-NaI-m1.2,NaI,18,23,1068,1.2,1.007,0.747,DIRECT_HAMER_WU_HASLAM_MEMBERSHIP_UNKNOWN,DIRECT_HAMER_WU_EXACT_HASLAM_SUBSET,/home/tnnrpolley21/Workspaces/Engineering/ePC-SAFT/data/reference/MIAC/water/water-NaI.csv,65f07245438d6f50a61e72f9bbf4ac5d563942c162bad117811e31a2355c9bd4,VERIFIED_VALUE_MATCH,,NO_LOCAL_OSMOTIC_FILE
HW1972-T18-NaI-m1.4,NaI,18,23,1068,1.4,1.025,0.763,DIRECT_HAMER_WU_HASLAM_MEMBERSHIP_UNKNOWN,DIRECT_HAMER_WU_EXACT_HASLAM_SUBSET,/home/tnnrpolley21/Workspaces/Engineering/ePC-SAFT/data/reference/MIAC/water/water-NaI.csv,65f07245438d6f50a61e72f9bbf4ac5d563942c162bad117811e31a2355c9bd4,VERIFIED_VALUE_MATCH,,NO_LOCAL_OSMOTIC_FILE
HW1972-T18-NaI-m1.6,NaI,18,23,1068,1.6,1.044,0.781,DIRECT_HAMER_WU_HASLAM_MEMBERSHIP_UNKNOWN,DIRECT_HAMER_WU_EXACT_HASLAM_SUBSET,/home/tnnrpolley21/Workspaces/Engineering/ePC-SAFT/data/reference/MIAC/water/water-NaI.csv,65f07245438d6f50a61e72f9bbf4ac5d563942c162bad117811e31a2355c9bd4,VERIFIED_VALUE_MATCH,,NO_LOCAL_OSMOTIC_FILE
HW1972-T18-NaI-m1.8,NaI,18,23,1068,1.8,1.063,0.801,DIRECT_HAMER_WU_HASLAM_MEMBERSHIP_UNKNOWN,DIRECT_HAMER_WU_EXACT_HASLAM_SUBSET,/home/tnnrpolley21/Workspaces/Engineering/ePC-SAFT/data/reference/MIAC/water/water-NaI.csv,65f07245438d6f50a61e72f9bbf4ac5d563942c162bad117811e31a2355c9bd4,VERIFIED_VALUE_MATCH,,NO_LOCAL_OSMOTIC_FILE
HW1972-T18-NaI-m2,NaI,18,23,1068,2,1.083,0.823,DIRECT_HAMER_WU_HASLAM_MEMBERSHIP_UNKNOWN,DIRECT_HAMER_WU_EXACT_HASLAM_SUBSET,/home/tnnrpolley21/Workspaces/Engineering/ePC-SAFT/data/reference/MIAC/water/water-NaI.csv,65f07245438d6f50a61e72f9bbf4ac5d563942c162bad117811e31a2355c9bd4,VERIFIED_VALUE_MATCH,,NO_LOCAL_OSMOTIC_FILE
HW1972-T18-NaI-m2.5,NaI,18,23,1068,2.5,1.134,0.887,DIRECT_HAMER_WU_HASLAM_MEMBERSHIP_UNKNOWN,DIRECT_HAMER_WU_EXACT_HASLAM_SUBSET,/home/tnnrpolley21/Workspaces/Engineering/ePC-SAFT/data/reference/MIAC/water/water-NaI.csv,65f07245438d6f50a61e72f9bbf4ac5d563942c162bad117811e31a2355c9bd4,VERIFIED_VALUE_MATCH,,NO_LOCAL_OSMOTIC_FILE
HW1972-T18-NaI-m3,NaI,18,23,1068,3,1.187,0.963,DIRECT_HAMER_WU_HASLAM_MEMBERSHIP_UNKNOWN,DIRECT_HAMER_WU_EXACT_HASLAM_SUBSET,/home/tnnrpolley21/Workspaces/Engineering/ePC-SAFT/data/reference/MIAC/water/water-NaI.csv,65f07245438d6f50a61e72f9bbf4ac5d563942c162bad117811e31a2355c9bd4,VERIFIED_VALUE_MATCH,,NO_LOCAL_OSMOTIC_FILE
HW1972-T28-KCl-m0.001,KCl,28,28,1073,0.001,0.988,0.965,DIRECT_HAMER_WU_NOT_EXACT_HASLAM_SUBSET,DIRECT_HAMER_WU_EXACT_HASLAM_SUBSET,/home/tnnrpolley21/Workspaces/Engineering/ePC-SAFT/data/reference/MIAC/water/water-KCl.csv,ffa05e58b0ea7ff941674d5dc353a07bf20722fc354fcac65c0f0585d5a97fd2,VERIFIED_VALUE_MATCH,/home/tnnrpolley21/Workspaces/Engineering/ePC-SAFT/data/reference/osmotic/water/nacl_kcl_osmotic_coefficients.csv,LOCAL_CANDIDATE_NO_EXACT_ROW_MATCH
HW1972-T28-KCl-m0.002,KCl,28,28,1073,0.002,0.984,0.951,DIRECT_HAMER_WU_NOT_EXACT_HASLAM_SUBSET,DIRECT_HAMER_WU_EXACT_HASLAM_SUBSET,/home/tnnrpolley21/Workspaces/Engineering/ePC-SAFT/data/reference/MIAC/water/water-KCl.csv,ffa05e58b0ea7ff941674d5dc353a07bf20722fc354fcac65c0f0585d5a97fd2,VERIFIED_VALUE_MATCH,/home/tnnrpolley21/Workspaces/Engineering/ePC-SAFT/data/reference/osmotic/water/nacl_kcl_osmotic_coefficients.csv,LOCAL_CANDIDATE_NO_EXACT_ROW_MATCH
HW1972-T28-KCl-m0.005,KCl,28,28,1073,0.005,0.976,0.927,DIRECT_HAMER_WU_NOT_EXACT_HASLAM_SUBSET,DIRECT_HAMER_WU_EXACT_HASLAM_SUBSET,/home/tnnrpolley21/Workspaces/Engineering/ePC-SAFT/data/reference/MIAC/water/water-KCl.csv,ffa05e58b0ea7ff941674d5dc353a07bf20722fc354fcac65c0f0585d5a97fd2,VERIFIED_VALUE_MATCH,/home/tnnrpolley21/Workspaces/Engineering/ePC-SAFT/data/reference/osmotic/water/nacl_kcl_osmotic_coefficients.csv,LOCAL_CANDIDATE_NO_EXACT_ROW_MATCH
HW1972-T28-KCl-m0.01,KCl,28,28,1073,0.01,0.967,0.901,DIRECT_HAMER_WU_NOT_EXACT_HASLAM_SUBSET,DIRECT_HAMER_WU_EXACT_HASLAM_SUBSET,/home/tnnrpolley21/Workspaces/Engineering/ePC-SAFT/data/reference/MIAC/water/water-KCl.csv,ffa05e58b0ea7ff941674d5dc353a07bf20722fc354fcac65c0f0585d5a97fd2,VERIFIED_VALUE_MATCH,/home/tnnrpolley21/Workspaces/Engineering/ePC-SAFT/data/reference/osmotic/water/nacl_kcl_osmotic_coefficients.csv,LOCAL_CANDIDATE_NO_EXACT_ROW_MATCH
HW1972-T28-KCl-m0.02,KCl,28,28,1073,0.02,0.957,0.869,DIRECT_HAMER_WU_NOT_EXACT_HASLAM_SUBSET,DIRECT_HAMER_WU_EXACT_HASLAM_SUBSET,/home/tnnrpolley21/Workspaces/Engineering/ePC-SAFT/data/reference/MIAC/water/water-KCl.csv,ffa05e58b0ea7ff941674d5dc353a07bf20722fc354fcac65c0f0585d5a97fd2,VERIFIED_VALUE_MATCH,/home/tnnrpolley21/Workspaces/Engineering/ePC-SAFT/data/reference/osmotic/water/nacl_kcl_osmotic_coefficients.csv,LOCAL_CANDIDATE_NO_EXACT_ROW_MATCH
HW1972-T28-KCl-m0.05,KCl,28,28,1073,0.05,0.94,0.816,DIRECT_HAMER_WU_NOT_EXACT_HASLAM_SUBSET,DIRECT_HAMER_WU_EXACT_HASLAM_SUBSET,/home/tnnrpolley21/Workspaces/Engineering/ePC-SAFT/data/reference/MIAC/water/water-KCl.csv,ffa05e58b0ea7ff941674d5dc353a07bf20722fc354fcac65c0f0585d5a97fd2,VERIFIED_VALUE_MATCH,/home/tnnrpolley21/Workspaces/Engineering/ePC-SAFT/data/reference/osmotic/water/nacl_kcl_osmotic_coefficients.csv,LOCAL_CANDIDATE_NO_EXACT_ROW_MATCH
HW1972-T28-KCl-m0.1,KCl,28,28,1073,0.1,0.927,0.768,DIRECT_HAMER_WU_NOT_EXACT_HASLAM_SUBSET,DIRECT_HAMER_WU_EXACT_HASLAM_SUBSET,/home/tnnrpolley21/Workspaces/Engineering/ePC-SAFT/data/reference/MIAC/water/water-KCl.csv,ffa05e58b0ea7ff941674d5dc353a07bf20722fc354fcac65c0f0585d5a97fd2,VERIFIED_VALUE_MATCH,/home/tnnrpolley21/Workspaces/Engineering/ePC-SAFT/data/reference/osmotic/water/nacl_kcl_osmotic_coefficients.csv,LOCAL_CANDIDATE_NO_EXACT_ROW_MATCH
HW1972-T28-KCl-m0.2,KCl,28,28,1073,0.2,0.913,0.717,DIRECT_HAMER_WU_NOT_EXACT_HASLAM_SUBSET,DIRECT_HAMER_WU_EXACT_HASLAM_SUBSET,/home/tnnrpolley21/Workspaces/Engineering/ePC-SAFT/data/reference/MIAC/water/water-KCl.csv,ffa05e58b0ea7ff941674d5dc353a07bf20722fc354fcac65c0f0585d5a97fd2,VERIFIED_VALUE_MATCH,/home/tnnrpolley21/Workspaces/Engineering/ePC-SAFT/data/reference/osmotic/water/nacl_kcl_osmotic_coefficients.csv,LOCAL_CANDIDATE_NO_EXACT_ROW_MATCH
HW1972-T28-KCl-m0.3,KCl,28,28,1073,0.3,0.906,0.687,DIRECT_HAMER_WU_NOT_EXACT_HASLAM_SUBSET,DIRECT_HAMER_WU_EXACT_HASLAM_SUBSET,/home/tnnrpolley21/Workspaces/Engineering/ePC-SAFT/data/reference/MIAC/water/water-KCl.csv,ffa05e58b0ea7ff941674d5dc353a07bf20722fc354fcac65c0f0585d5a97fd2,VERIFIED_VALUE_MATCH,/home/tnnrpolley21/Workspaces/Engineering/ePC-SAFT/data/reference/osmotic/water/nacl_kcl_osmotic_coefficients.csv,LOCAL_CANDIDATE_NO_EXACT_ROW_MATCH
HW1972-T28-KCl-m0.4,KCl,28,28,1073,0.4,0.902,0.665,DIRECT_HAMER_WU_NOT_EXACT_HASLAM_SUBSET,DIRECT_HAMER_WU_EXACT_HASLAM_SUBSET,/home/tnnrpolley21/Workspaces/Engineering/ePC-SAFT/data/reference/MIAC/water/water-KCl.csv,ffa05e58b0ea7ff941674d5dc353a07bf20722fc354fcac65c0f0585d5a97fd2,VERIFIED_VALUE_MATCH,/home/tnnrpolley21/Workspaces/Engineering/ePC-SAFT/data/reference/osmotic/water/nacl_kcl_osmotic_coefficients.csv,LOCAL_CANDIDATE_NO_EXACT_ROW_MATCH
HW1972-T28-KCl-m0.5,KCl,28,28,1073,0.5,0.9,0.649,DIRECT_HAMER_WU_NOT_EXACT_HASLAM_SUBSET,DIRECT_HAMER_WU_EXACT_HASLAM_SUBSET,/home/tnnrpolley21/Workspaces/Engineering/ePC-SAFT/data/reference/MIAC/water/water-KCl.csv,ffa05e58b0ea7ff941674d5dc353a07bf20722fc354fcac65c0f0585d5a97fd2,VERIFIED_VALUE_MATCH,/home/tnnrpolley21/Workspaces/Engineering/ePC-SAFT/data/reference/osmotic/water/nacl_kcl_osmotic_coefficients.csv,LOCAL_CANDIDATE_NO_EXACT_ROW_MATCH
HW1972-T28-KCl-m0.6,KCl,28,28,1073,0.6,0.899,0.636,DIRECT_HAMER_WU_NOT_EXACT_HASLAM_SUBSET,DIRECT_HAMER_WU_EXACT_HASLAM_SUBSET,/home/tnnrpolley21/Workspaces/Engineering/ePC-SAFT/data/reference/MIAC/water/water-KCl.csv,ffa05e58b0ea7ff941674d5dc353a07bf20722fc354fcac65c0f0585d5a97fd2,VERIFIED_VALUE_MATCH,/home/tnnrpolley21/Workspaces/Engineering/ePC-SAFT/data/reference/osmotic/water/nacl_kcl_osmotic_coefficients.csv,LOCAL_CANDIDATE_NO_EXACT_ROW_MATCH
HW1972-T28-KCl-m0.7,KCl,28,28,1073,0.7,0.898,0.626,DIRECT_HAMER_WU_NOT_EXACT_HASLAM_SUBSET,DIRECT_HAMER_WU_EXACT_HASLAM_SUBSET,/home/tnnrpolley21/Workspaces/Engineering/ePC-SAFT/data/reference/MIAC/water/water-KCl.csv,ffa05e58b0ea7ff941674d5dc353a07bf20722fc354fcac65c0f0585d5a97fd2,VERIFIED_VALUE_MATCH,/home/tnnrpolley21/Workspaces/Engineering/ePC-SAFT/data/reference/osmotic/water/nacl_kcl_osmotic_coefficients.csv,LOCAL_CANDIDATE_NO_EXACT_ROW_MATCH
HW1972-T28-KCl-m0.8,KCl,28,28,1073,0.8,0.898,0.617,DIRECT_HAMER_WU_NOT_EXACT_HASLAM_SUBSET,DIRECT_HAMER_WU_EXACT_HASLAM_SUBSET,/home/tnnrpolley21/Workspaces/Engineering/ePC-SAFT/data/reference/MIAC/water/water-KCl.csv,ffa05e58b0ea7ff941674d5dc353a07bf20722fc354fcac65c0f0585d5a97fd2,VERIFIED_VALUE_MATCH,/home/tnnrpolley21/Workspaces/Engineering/ePC-SAFT/data/reference/osmotic/water/nacl_kcl_osmotic_coefficients.csv,LOCAL_CANDIDATE_NO_EXACT_ROW_MATCH
HW1972-T28-KCl-m0.9,KCl,28,28,1073,0.9,0.898,0.61,DIRECT_HAMER_WU_NOT_EXACT_HASLAM_SUBSET,DIRECT_HAMER_WU_EXACT_HASLAM_SUBSET,/home/tnnrpolley21/Workspaces/Engineering/ePC-SAFT/data/reference/MIAC/water/water-KCl.csv,ffa05e58b0ea7ff941674d5dc353a07bf20722fc354fcac65c0f0585d5a97fd2,VERIFIED_VALUE_MATCH,/home/tnnrpolley21/Workspaces/Engineering/ePC-SAFT/data/reference/osmotic/water/nacl_kcl_osmotic_coefficients.csv,LOCAL_CANDIDATE_NO_EXACT_ROW_MATCH
HW1972-T28-KCl-m1,KCl,28,28,1073,1,0.898,0.604,DIRECT_HAMER_WU_NOT_EXACT_HASLAM_SUBSET,DIRECT_HAMER_WU_EXACT_HASLAM_SUBSET,/home/tnnrpolley21/Workspaces/Engineering/ePC-SAFT/data/reference/MIAC/water/water-KCl.csv,ffa05e58b0ea7ff941674d5dc353a07bf20722fc354fcac65c0f0585d5a97fd2,VERIFIED_VALUE_MATCH,/home/tnnrpolley21/Workspaces/Engineering/ePC-SAFT/data/reference/osmotic/water/nacl_kcl_osmotic_coefficients.csv,LOCAL_CANDIDATE_NO_EXACT_ROW_MATCH
HW1972-T28-KCl-m1.2,KCl,28,28,1073,1.2,0.9,0.594,DIRECT_HAMER_WU_NOT_EXACT_HASLAM_SUBSET,DIRECT_HAMER_WU_EXACT_HASLAM_SUBSET,/home/tnnrpolley21/Workspaces/Engineering/ePC-SAFT/data/reference/MIAC/water/water-KCl.csv,ffa05e58b0ea7ff941674d5dc353a07bf20722fc354fcac65c0f0585d5a97fd2,VERIFIED_VALUE_MATCH,/home/tnnrpolley21/Workspaces/Engineering/ePC-SAFT/data/reference/osmotic/water/nacl_kcl_osmotic_coefficients.csv,LOCAL_CANDIDATE_NO_EXACT_ROW_MATCH
HW1972-T28-KCl-m1.4,KCl,28,28,1073,1.4,0.902,0.586,DIRECT_HAMER_WU_NOT_EXACT_HASLAM_SUBSET,DIRECT_HAMER_WU_EXACT_HASLAM_SUBSET,/home/tnnrpolley21/Workspaces/Engineering/ePC-SAFT/data/reference/MIAC/water/water-KCl.csv,ffa05e58b0ea7ff941674d5dc353a07bf20722fc354fcac65c0f0585d5a97fd2,VERIFIED_VALUE_MATCH,/home/tnnrpolley21/Workspaces/Engineering/ePC-SAFT/data/reference/osmotic/water/nacl_kcl_osmotic_coefficients.csv,LOCAL_CANDIDATE_NO_EXACT_ROW_MATCH
HW1972-T28-KCl-m1.6,KCl,28,28,1073,1.6,0.905,0.58,DIRECT_HAMER_WU_NOT_EXACT_HASLAM_SUBSET,DIRECT_HAMER_WU_EXACT_HASLAM_SUBSET,/home/tnnrpolley21/Workspaces/Engineering/ePC-SAFT/data/reference/MIAC/water/water-KCl.csv,ffa05e58b0ea7ff941674d5dc353a07bf20722fc354fcac65c0f0585d5a97fd2,VERIFIED_VALUE_MATCH,/home/tnnrpolley21/Workspaces/Engineering/ePC-SAFT/data/reference/osmotic/water/nacl_kcl_osmotic_coefficients.csv,LOCAL_CANDIDATE_NO_EXACT_ROW_MATCH
HW1972-T28-KCl-m1.8,KCl,28,28,1073,1.8,0.908,0.576,DIRECT_HAMER_WU_NOT_EXACT_HASLAM_SUBSET,DIRECT_HAMER_WU_EXACT_HASLAM_SUBSET,/home/tnnrpolley21/Workspaces/Engineering/ePC-SAFT/data/reference/MIAC/water/water-KCl.csv,ffa05e58b0ea7ff941674d5dc353a07bf20722fc354fcac65c0f0585d5a97fd2,VERIFIED_VALUE_MATCH,/home/tnnrpolley21/Workspaces/Engineering/ePC-SAFT/data/reference/osmotic/water/nacl_kcl_osmotic_coefficients.csv,LOCAL_CANDIDATE_NO_EXACT_ROW_MATCH
HW1972-T28-KCl-m2,KCl,28,28,1073,2,0.912,0.573,DIRECT_HAMER_WU_NOT_EXACT_HASLAM_SUBSET,DIRECT_HAMER_WU_EXACT_HASLAM_SUBSET,/home/tnnrpolley21/Workspaces/Engineering/ePC-SAFT/data/reference/MIAC/water/water-KCl.csv,ffa05e58b0ea7ff941674d5dc353a07bf20722fc354fcac65c0f0585d5a97fd2,VERIFIED_VALUE_MATCH,/home/tnnrpolley21/Workspaces/Engineering/ePC-SAFT/data/reference/osmotic/water/nacl_kcl_osmotic_coefficients.csv,LOCAL_CANDIDATE_NO_EXACT_ROW_MATCH
HW1972-T28-KCl-m2.5,KCl,28,28,1073,2.5,0.923,0.568,DIRECT_HAMER_WU_NOT_EXACT_HASLAM_SUBSET,DIRECT_HAMER_WU_EXACT_HASLAM_SUBSET,/home/tnnrpolley21/Workspaces/Engineering/ePC-SAFT/data/reference/MIAC/water/water-KCl.csv,ffa05e58b0ea7ff941674d5dc353a07bf20722fc354fcac65c0f0585d5a97fd2,VERIFIED_VALUE_MATCH,/home/tnnrpolley21/Workspaces/Engineering/ePC-SAFT/data/reference/osmotic/water/nacl_kcl_osmotic_coefficients.csv,LOCAL_CANDIDATE_NO_EXACT_ROW_MATCH
HW1972-T28-KCl-m3,KCl,28,28,1073,3,0.936,0.568,DIRECT_HAMER_WU_NOT_EXACT_HASLAM_SUBSET,DIRECT_HAMER_WU_EXACT_HASLAM_SUBSET,/home/tnnrpolley21/Workspaces/Engineering/ePC-SAFT/data/reference/MIAC/water/water-KCl.csv,ffa05e58b0ea7ff941674d5dc353a07bf20722fc354fcac65c0f0585d5a97fd2,VERIFIED_VALUE_MATCH,/home/tnnrpolley21/Workspaces/Engineering/ePC-SAFT/data/reference/osmotic/water/nacl_kcl_osmotic_coefficients.csv,LOCAL_CANDIDATE_NO_EXACT_ROW_MATCH
HW1972-T29-KBr-m0.001,KBr,29,29,1074,0.001,0.988,0.965,DIRECT_HAMER_WU_NOT_EXACT_HASLAM_SUBSET,DIRECT_HAMER_WU_NOT_EXACT_HASLAM_SUBSET,/home/tnnrpolley21/Workspaces/Engineering/ePC-SAFT/data/reference/MIAC/water/water-KBr.csv,540d6e1fe0270ca686defc12bbfc160f9d47be17d0810cbab7e3c677b653a565,VERIFIED_VALUE_MATCH,/home/tnnrpolley21/Workspaces/Engineering/ePC-SAFT/data/reference/osmotic/water/KBr.csv,LOCAL_CANDIDATE_NO_EXACT_ROW_MATCH
HW1972-T29-KBr-m0.002,KBr,29,29,1074,0.002,0.984,0.952,DIRECT_HAMER_WU_NOT_EXACT_HASLAM_SUBSET,DIRECT_HAMER_WU_NOT_EXACT_HASLAM_SUBSET,/home/tnnrpolley21/Workspaces/Engineering/ePC-SAFT/data/reference/MIAC/water/water-KBr.csv,540d6e1fe0270ca686defc12bbfc160f9d47be17d0810cbab7e3c677b653a565,VERIFIED_VALUE_MATCH,/home/tnnrpolley21/Workspaces/Engineering/ePC-SAFT/data/reference/osmotic/water/KBr.csv,LOCAL_CANDIDATE_NO_EXACT_ROW_MATCH
HW1972-T29-KBr-m0.005,KBr,29,29,1074,0.005,0.976,0.927,DIRECT_HAMER_WU_NOT_EXACT_HASLAM_SUBSET,DIRECT_HAMER_WU_NOT_EXACT_HASLAM_SUBSET,/home/tnnrpolley21/Workspaces/Engineering/ePC-SAFT/data/reference/MIAC/water/water-KBr.csv,540d6e1fe0270ca686defc12bbfc160f9d47be17d0810cbab7e3c677b653a565,VERIFIED_VALUE_MATCH,/home/tnnrpolley21/Workspaces/Engineering/ePC-SAFT/data/reference/osmotic/water/KBr.csv,LOCAL_CANDIDATE_NO_EXACT_ROW_MATCH
HW1972-T29-KBr-m0.01,KBr,29,29,1074,0.01,0.968,0.902,DIRECT_HAMER_WU_NOT_EXACT_HASLAM_SUBSET,DIRECT_HAMER_WU_NOT_EXACT_HASLAM_SUBSET,/home/tnnrpolley21/Workspaces/Engineering/ePC-SAFT/data/reference/MIAC/water/water-KBr.csv,540d6e1fe0270ca686defc12bbfc160f9d47be17d0810cbab7e3c677b653a565,VERIFIED_VALUE_MATCH,/home/tnnrpolley21/Workspaces/Engineering/ePC-SAFT/data/reference/osmotic/water/KBr.csv,LOCAL_CANDIDATE_NO_EXACT_ROW_MATCH
HW1972-T29-KBr-m0.02,KBr,29,29,1074,0.02,0.958,0.87,DIRECT_HAMER_WU_NOT_EXACT_HASLAM_SUBSET,DIRECT_HAMER_WU_NOT_EXACT_HASLAM_SUBSET,/home/tnnrpolley21/Workspaces/Engineering/ePC-SAFT/data/reference/MIAC/water/water-KBr.csv,540d6e1fe0270ca686defc12bbfc160f9d47be17d0810cbab7e3c677b653a565,VERIFIED_VALUE_MATCH,/home/tnnrpolley21/Workspaces/Engineering/ePC-SAFT/data/reference/osmotic/water/KBr.csv,LOCAL_CANDIDATE_NO_EXACT_ROW_MATCH
HW1972-T29-KBr-m0.05,KBr,29,29,1074,0.05,0.942,0.817,DIRECT_HAMER_WU_NOT_EXACT_HASLAM_SUBSET,DIRECT_HAMER_WU_NOT_EXACT_HASLAM_SUBSET,/home/tnnrpolley21/Workspaces/Engineering/ePC-SAFT/data/reference/MIAC/water/water-KBr.csv,540d6e1fe0270ca686defc12bbfc160f9d47be17d0810cbab7e3c677b653a565,VERIFIED_VALUE_MATCH,/home/tnnrpolley21/Workspaces/Engineering/ePC-SAFT/data/reference/osmotic/water/KBr.csv,LOCAL_CANDIDATE_NO_EXACT_ROW_MATCH
HW1972-T29-KBr-m0.1,KBr,29,29,1074,0.1,0.928,0.771,DIRECT_HAMER_WU_NOT_EXACT_HASLAM_SUBSET,DIRECT_HAMER_WU_NOT_EXACT_HASLAM_SUBSET,/home/tnnrpolley21/Workspaces/Engineering/ePC-SAFT/data/reference/MIAC/water/water-KBr.csv,540d6e1fe0270ca686defc12bbfc160f9d47be17d0810cbab7e3c677b653a565,VERIFIED_VALUE_MATCH,/home/tnnrpolley21/Workspaces/Engineering/ePC-SAFT/data/reference/osmotic/water/KBr.csv,LOCAL_CANDIDATE_NO_EXACT_ROW_MATCH
HW1972-T29-KBr-m0.2,KBr,29,29,1074,0.2,0.916,0.722,DIRECT_HAMER_WU_NOT_EXACT_HASLAM_SUBSET,DIRECT_HAMER_WU_NOT_EXACT_HASLAM_SUBSET,/home/tnnrpolley21/Workspaces/Engineering/ePC-SAFT/data/reference/MIAC/water/water-KBr.csv,540d6e1fe0270ca686defc12bbfc160f9d47be17d0810cbab7e3c677b653a565,VERIFIED_VALUE_MATCH,/home/tnnrpolley21/Workspaces/Engineering/ePC-SAFT/data/reference/osmotic/water/KBr.csv,LOCAL_CANDIDATE_NO_EXACT_ROW_MATCH
HW1972-T29-KBr-m0.3,KBr,29,29,1074,0.3,0.91,0.693,DIRECT_HAMER_WU_NOT_EXACT_HASLAM_SUBSET,DIRECT_HAMER_WU_NOT_EXACT_HASLAM_SUBSET,/home/tnnrpolley21/Workspaces/Engineering/ePC-SAFT/data/reference/MIAC/water/water-KBr.csv,540d6e1fe0270ca686defc12bbfc160f9d47be17d0810cbab7e3c677b653a565,VERIFIED_VALUE_MATCH,/home/tnnrpolley21/Workspaces/Engineering/ePC-SAFT/data/reference/osmotic/water/KBr.csv,LOCAL_CANDIDATE_NO_EXACT_ROW_MATCH
HW1972-T29-KBr-m0.4,KBr,29,29,1074,0.4,0.907,0.673,DIRECT_HAMER_WU_NOT_EXACT_HASLAM_SUBSET,DIRECT_HAMER_WU_NOT_EXACT_HASLAM_SUBSET,/home/tnnrpolley21/Workspaces/Engineering/ePC-SAFT/data/reference/MIAC/water/water-KBr.csv,540d6e1fe0270ca686defc12bbfc160f9d47be17d0810cbab7e3c677b653a565,VERIFIED_VALUE_MATCH,/home/tnnrpolley21/Workspaces/Engineering/ePC-SAFT/data/reference/osmotic/water/KBr.csv,LOCAL_CANDIDATE_NO_EXACT_ROW_MATCH
HW1972-T29-KBr-m0.5,KBr,29,29,1074,0.5,0.906,0.658,DIRECT_HAMER_WU_NOT_EXACT_HASLAM_SUBSET,DIRECT_HAMER_WU_NOT_EXACT_HASLAM_SUBSET,/home/tnnrpolley21/Workspaces/Engineering/ePC-SAFT/data/reference/MIAC/water/water-KBr.csv,540d6e1fe0270ca686defc12bbfc160f9d47be17d0810cbab7e3c677b653a565,VERIFIED_VALUE_MATCH,/home/tnnrpolley21/Workspaces/Engineering/ePC-SAFT/data/reference/osmotic/water/KBr.csv,LOCAL_CANDIDATE_NO_EXACT_ROW_MATCH
HW1972-T29-KBr-m0.6,KBr,29,29,1074,0.6,0.905,0.646,DIRECT_HAMER_WU_NOT_EXACT_HASLAM_SUBSET,DIRECT_HAMER_WU_NOT_EXACT_HASLAM_SUBSET,/home/tnnrpolley21/Workspaces/Engineering/ePC-SAFT/data/reference/MIAC/water/water-KBr.csv,540d6e1fe0270ca686defc12bbfc160f9d47be17d0810cbab7e3c677b653a565,VERIFIED_VALUE_MATCH,/home/tnnrpolley21/Workspaces/Engineering/ePC-SAFT/data/reference/osmotic/water/KBr.csv,LOCAL_CANDIDATE_NO_EXACT_ROW_MATCH
HW1972-T29-KBr-m0.7,KBr,29,29,1074,0.7,0.905,0.637,DIRECT_HAMER_WU_NOT_EXACT_HASLAM_SUBSET,DIRECT_HAMER_WU_NOT_EXACT_HASLAM_SUBSET,/home/tnnrpolley21/Workspaces/Engineering/ePC-SAFT/data/reference/MIAC/water/water-KBr.csv,540d6e1fe0270ca686defc12bbfc160f9d47be17d0810cbab7e3c677b653a565,VERIFIED_VALUE_MATCH,/home/tnnrpolley21/Workspaces/Engineering/ePC-SAFT/data/reference/osmotic/water/KBr.csv,LOCAL_CANDIDATE_NO_EXACT_ROW_MATCH
HW1972-T29-KBr-m0.8,KBr,29,29,1074,0.8,0.905,0.629,DIRECT_HAMER_WU_NOT_EXACT_HASLAM_SUBSET,DIRECT_HAMER_WU_NOT_EXACT_HASLAM_SUBSET,/home/tnnrpolley21/Workspaces/Engineering/ePC-SAFT/data/reference/MIAC/water/water-KBr.csv,540d6e1fe0270ca686defc12bbfc160f9d47be17d0810cbab7e3c677b653a565,VERIFIED_VALUE_MATCH,/home/tnnrpolley21/Workspaces/Engineering/ePC-SAFT/data/reference/osmotic/water/KBr.csv,LOCAL_CANDIDATE_NO_EXACT_ROW_MATCH
HW1972-T29-KBr-m0.9,KBr,29,29,1074,0.9,0.906,0.622,DIRECT_HAMER_WU_NOT_EXACT_HASLAM_SUBSET,DIRECT_HAMER_WU_NOT_EXACT_HASLAM_SUBSET,/home/tnnrpolley21/Workspaces/Engineering/ePC-SAFT/data/reference/MIAC/water/water-KBr.csv,540d6e1fe0270ca686defc12bbfc160f9d47be17d0810cbab7e3c677b653a565,VERIFIED_VALUE_MATCH,/home/tnnrpolley21/Workspaces/Engineering/ePC-SAFT/data/reference/osmotic/water/KBr.csv,LOCAL_CANDIDATE_NO_EXACT_ROW_MATCH
HW1972-T29-KBr-m1,KBr,29,29,1074,1,0.907,0.617,DIRECT_HAMER_WU_NOT_EXACT_HASLAM_SUBSET,DIRECT_HAMER_WU_NOT_EXACT_HASLAM_SUBSET,/home/tnnrpolley21/Workspaces/Engineering/ePC-SAFT/data/reference/MIAC/water/water-KBr.csv,540d6e1fe0270ca686defc12bbfc160f9d47be17d0810cbab7e3c677b653a565,VERIFIED_VALUE_MATCH,/home/tnnrpolley21/Workspaces/Engineering/ePC-SAFT/data/reference/osmotic/water/KBr.csv,LOCAL_CANDIDATE_NO_EXACT_ROW_MATCH
HW1972-T29-KBr-m1.2,KBr,29,29,1074,1.2,0.91,0.608,DIRECT_HAMER_WU_NOT_EXACT_HASLAM_SUBSET,DIRECT_HAMER_WU_NOT_EXACT_HASLAM_SUBSET,/home/tnnrpolley21/Workspaces/Engineering/ePC-SAFT/data/reference/MIAC/water/water-KBr.csv,540d6e1fe0270ca686defc12bbfc160f9d47be17d0810cbab7e3c677b653a565,VERIFIED_VALUE_MATCH,/home/tnnrpolley21/Workspaces/Engineering/ePC-SAFT/data/reference/osmotic/water/KBr.csv,LOCAL_CANDIDATE_NO_EXACT_ROW_MATCH
HW1972-T29-KBr-m1.4,KBr,29,29,1074,1.4,0.913,0.602,DIRECT_HAMER_WU_NOT_EXACT_HASLAM_SUBSET,DIRECT_HAMER_WU_NOT_EXACT_HASLAM_SUBSET,/home/tnnrpolley21/Workspaces/Engineering/ePC-SAFT/data/reference/MIAC/water/water-KBr.csv,540d6e1fe0270ca686defc12bbfc160f9d47be17d0810cbab7e3c677b653a565,VERIFIED_VALUE_MATCH,/home/tnnrpolley21/Workspaces/Engineering/ePC-SAFT/data/reference/osmotic/water/KBr.csv,LOCAL_CANDIDATE_NO_EXACT_ROW_MATCH
HW1972-T29-KBr-m1.6,KBr,29,29,1074,1.6,0.917,0.598,DIRECT_HAMER_WU_NOT_EXACT_HASLAM_SUBSET,DIRECT_HAMER_WU_NOT_EXACT_HASLAM_SUBSET,/home/tnnrpolley21/Workspaces/Engineering/ePC-SAFT/data/reference/MIAC/water/water-KBr.csv,540d6e1fe0270ca686defc12bbfc160f9d47be17d0810cbab7e3c677b653a565,VERIFIED_VALUE_MATCH,/home/tnnrpolley21/Workspaces/Engineering/ePC-SAFT/data/reference/osmotic/water/KBr.csv,LOCAL_CANDIDATE_NO_EXACT_ROW_MATCH
HW1972-T29-KBr-m1.8,KBr,29,29,1074,1.8,0.922,0.595,DIRECT_HAMER_WU_NOT_EXACT_HASLAM_SUBSET,DIRECT_HAMER_WU_NOT_EXACT_HASLAM_SUBSET,/home/tnnrpolley21/Workspaces/Engineering/ePC-SAFT/data/reference/MIAC/water/water-KBr.csv,540d6e1fe0270ca686defc12bbfc160f9d47be17d0810cbab7e3c677b653a565,VERIFIED_VALUE_MATCH,/home/tnnrpolley21/Workspaces/Engineering/ePC-SAFT/data/reference/osmotic/water/KBr.csv,LOCAL_CANDIDATE_NO_EXACT_ROW_MATCH
HW1972-T29-KBr-m2,KBr,29,29,1074,2,0.927,0.593,DIRECT_HAMER_WU_NOT_EXACT_HASLAM_SUBSET,DIRECT_HAMER_WU_NOT_EXACT_HASLAM_SUBSET,/home/tnnrpolley21/Workspaces/Engineering/ePC-SAFT/data/reference/MIAC/water/water-KBr.csv,540d6e1fe0270ca686defc12bbfc160f9d47be17d0810cbab7e3c677b653a565,VERIFIED_VALUE_MATCH,/home/tnnrpolley21/Workspaces/Engineering/ePC-SAFT/data/reference/osmotic/water/KBr.csv,LOCAL_CANDIDATE_NO_EXACT_ROW_MATCH
HW1972-T29-KBr-m2.5,KBr,29,29,1074,2.5,0.94,0.592,DIRECT_HAMER_WU_NOT_EXACT_HASLAM_SUBSET,DIRECT_HAMER_WU_NOT_EXACT_HASLAM_SUBSET,/home/tnnrpolley21/Workspaces/Engineering/ePC-SAFT/data/reference/MIAC/water/water-KBr.csv,540d6e1fe0270ca686defc12bbfc160f9d47be17d0810cbab7e3c677b653a565,VERIFIED_VALUE_MATCH,/home/tnnrpolley21/Workspaces/Engineering/ePC-SAFT/data/reference/osmotic/water/KBr.csv,LOCAL_CANDIDATE_NO_EXACT_ROW_MATCH
HW1972-T29-KBr-m3,KBr,29,29,1074,3,0.954,0.595,DIRECT_HAMER_WU_NOT_EXACT_HASLAM_SUBSET,DIRECT_HAMER_WU_NOT_EXACT_HASLAM_SUBSET,/home/tnnrpolley21/Workspaces/Engineering/ePC-SAFT/data/reference/MIAC/water/water-KBr.csv,540d6e1fe0270ca686defc12bbfc160f9d47be17d0810cbab7e3c677b653a565,VERIFIED_VALUE_MATCH,/home/tnnrpolley21/Workspaces/Engineering/ePC-SAFT/data/reference/osmotic/water/KBr.csv,LOCAL_CANDIDATE_NO_EXACT_ROW_MATCH
HW1972-T30-KI-m0.001,KI,30,29,1074,0.001,0.988,0.965,DIRECT_HAMER_WU_HASLAM_MEMBERSHIP_UNKNOWN,DIRECT_HAMER_WU_EXACT_HASLAM_SUBSET,/home/tnnrpolley21/Workspaces/Engineering/ePC-SAFT/data/reference/MIAC/water/water-KI.csv,a18ffab1772c77b8aad338a5a5deb9cae51d8ba4bcc7ea33f3a0a8d8c5e3b0c5,VERIFIED_VALUE_MATCH,,NO_LOCAL_OSMOTIC_FILE
HW1972-T30-KI-m0.002,KI,30,29,1074,0.002,0.984,0.952,DIRECT_HAMER_WU_HASLAM_MEMBERSHIP_UNKNOWN,DIRECT_HAMER_WU_EXACT_HASLAM_SUBSET,/home/tnnrpolley21/Workspaces/Engineering/ePC-SAFT/data/reference/MIAC/water/water-KI.csv,a18ffab1772c77b8aad338a5a5deb9cae51d8ba4bcc7ea33f3a0a8d8c5e3b0c5,VERIFIED_VALUE_MATCH,,NO_LOCAL_OSMOTIC_FILE
HW1972-T30-KI-m0.005,KI,30,29,1074,0.005,0.976,0.927,DIRECT_HAMER_WU_HASLAM_MEMBERSHIP_UNKNOWN,DIRECT_HAMER_WU_EXACT_HASLAM_SUBSET,/home/tnnrpolley21/Workspaces/Engineering/ePC-SAFT/data/reference/MIAC/water/water-KI.csv,a18ffab1772c77b8aad338a5a5deb9cae51d8ba4bcc7ea33f3a0a8d8c5e3b0c5,VERIFIED_VALUE_MATCH,,NO_LOCAL_OSMOTIC_FILE
HW1972-T30-KI-m0.01,KI,30,29,1074,0.01,0.968,0.902,DIRECT_HAMER_WU_HASLAM_MEMBERSHIP_UNKNOWN,DIRECT_HAMER_WU_EXACT_HASLAM_SUBSET,/home/tnnrpolley21/Workspaces/Engineering/ePC-SAFT/data/reference/MIAC/water/water-KI.csv,a18ffab1772c77b8aad338a5a5deb9cae51d8ba4bcc7ea33f3a0a8d8c5e3b0c5,VERIFIED_VALUE_MATCH,,NO_LOCAL_OSMOTIC_FILE
HW1972-T30-KI-m0.02,KI,30,29,1074,0.02,0.958,0.871,DIRECT_HAMER_WU_HASLAM_MEMBERSHIP_UNKNOWN,DIRECT_HAMER_WU_EXACT_HASLAM_SUBSET,/home/tnnrpolley21/Workspaces/Engineering/ePC-SAFT/data/reference/MIAC/water/water-KI.csv,a18ffab1772c77b8aad338a5a5deb9cae51d8ba4bcc7ea33f3a0a8d8c5e3b0c5,VERIFIED_VALUE_MATCH,,NO_LOCAL_OSMOTIC_FILE
HW1972-T30-KI-m0.05,KI,30,29,1074,0.05,0.943,0.82,DIRECT_HAMER_WU_HASLAM_MEMBERSHIP_UNKNOWN,DIRECT_HAMER_WU_EXACT_HASLAM_SUBSET,/home/tnnrpolley21/Workspaces/Engineering/ePC-SAFT/data/reference/MIAC/water/water-KI.csv,a18ffab1772c77b8aad338a5a5deb9cae51d8ba4bcc7ea33f3a0a8d8c5e3b0c5,VERIFIED_VALUE_MATCH,,NO_LOCAL_OSMOTIC_FILE
HW1972-T30-KI-m0.1,KI,30,29,1074,0.1,0.932,0.776,DIRECT_HAMER_WU_HASLAM_MEMBERSHIP_UNKNOWN,DIRECT_HAMER_WU_EXACT_HASLAM_SUBSET,/home/tnnrpolley21/Workspaces/Engineering/ePC-SAFT/data/reference/MIAC/water/water-KI.csv,a18ffab1772c77b8aad338a5a5deb9cae51d8ba4bcc7ea33f3a0a8d8c5e3b0c5,VERIFIED_VALUE_MATCH,,NO_LOCAL_OSMOTIC_FILE
HW1972-T30-KI-m0.2,KI,30,29,1074,0.2,0.922,0.731,DIRECT_HAMER_WU_HASLAM_MEMBERSHIP_UNKNOWN,DIRECT_HAMER_WU_EXACT_HASLAM_SUBSET,/home/tnnrpolley21/Workspaces/Engineering/ePC-SAFT/data/reference/MIAC/water/water-KI.csv,a18ffab1772c77b8aad338a5a5deb9cae51d8ba4bcc7ea33f3a0a8d8c5e3b0c5,VERIFIED_VALUE_MATCH,,NO_LOCAL_OSMOTIC_FILE
HW1972-T30-KI-m0.3,KI,30,29,1074,0.3,0.919,0.705,DIRECT_HAMER_WU_HASLAM_MEMBERSHIP_UNKNOWN,DIRECT_HAMER_WU_EXACT_HASLAM_SUBSET,/home/tnnrpolley21/Workspaces/Engineering/ePC-SAFT/data/reference/MIAC/water/water-KI.csv,a18ffab1772c77b8aad338a5a5deb9cae51d8ba4bcc7ea33f3a0a8d8c5e3b0c5,VERIFIED_VALUE_MATCH,,NO_LOCAL_OSMOTIC_FILE
HW1972-T30-KI-m0.4,KI,30,29,1074,0.4,0.918,0.688,DIRECT_HAMER_WU_HASLAM_MEMBERSHIP_UNKNOWN,DIRECT_HAMER_WU_EXACT_HASLAM_SUBSET,/home/tnnrpolley21/Workspaces/Engineering/ePC-SAFT/data/reference/MIAC/water/water-KI.csv,a18ffab1772c77b8aad338a5a5deb9cae51d8ba4bcc7ea33f3a0a8d8c5e3b0c5,VERIFIED_VALUE_MATCH,,NO_LOCAL_OSMOTIC_FILE
HW1972-T30-KI-m0.5,KI,30,29,1074,0.5,0.918,0.676,DIRECT_HAMER_WU_HASLAM_MEMBERSHIP_UNKNOWN,DIRECT_HAMER_WU_EXACT_HASLAM_SUBSET,/home/tnnrpolley21/Workspaces/Engineering/ePC-SAFT/data/reference/MIAC/water/water-KI.csv,a18ffab1772c77b8aad338a5a5deb9cae51d8ba4bcc7ea33f3a0a8d8c5e3b0c5,VERIFIED_VALUE_MATCH,,NO_LOCAL_OSMOTIC_FILE
HW1972-T30-KI-m0.6,KI,30,29,1074,0.6,0.919,0.666,DIRECT_HAMER_WU_HASLAM_MEMBERSHIP_UNKNOWN,DIRECT_HAMER_WU_EXACT_HASLAM_SUBSET,/home/tnnrpolley21/Workspaces/Engineering/ePC-SAFT/data/reference/MIAC/water/water-KI.csv,a18ffab1772c77b8aad338a5a5deb9cae51d8ba4bcc7ea33f3a0a8d8c5e3b0c5,VERIFIED_VALUE_MATCH,,NO_LOCAL_OSMOTIC_FILE
HW1972-T30-KI-m0.7,KI,30,29,1074,0.7,0.921,0.659,DIRECT_HAMER_WU_HASLAM_MEMBERSHIP_UNKNOWN,DIRECT_HAMER_WU_EXACT_HASLAM_SUBSET,/home/tnnrpolley21/Workspaces/Engineering/ePC-SAFT/data/reference/MIAC/water/water-KI.csv,a18ffab1772c77b8aad338a5a5deb9cae51d8ba4bcc7ea33f3a0a8d8c5e3b0c5,VERIFIED_VALUE_MATCH,,NO_LOCAL_OSMOTIC_FILE
HW1972-T30-KI-m0.8,KI,30,29,1074,0.8,0.923,0.654,DIRECT_HAMER_WU_HASLAM_MEMBERSHIP_UNKNOWN,DIRECT_HAMER_WU_EXACT_HASLAM_SUBSET,/home/tnnrpolley21/Workspaces/Engineering/ePC-SAFT/data/reference/MIAC/water/water-KI.csv,a18ffab1772c77b8aad338a5a5deb9cae51d8ba4bcc7ea33f3a0a8d8c5e3b0c5,VERIFIED_VALUE_MATCH,,NO_LOCAL_OSMOTIC_FILE
HW1972-T30-KI-m0.9,KI,30,29,1074,0.9,0.925,0.65,DIRECT_HAMER_WU_HASLAM_MEMBERSHIP_UNKNOWN,DIRECT_HAMER_WU_EXACT_HASLAM_SUBSET,/home/tnnrpolley21/Workspaces/Engineering/ePC-SAFT/data/reference/MIAC/water/water-KI.csv,a18ffab1772c77b8aad338a5a5deb9cae51d8ba4bcc7ea33f3a0a8d8c5e3b0c5,VERIFIED_VALUE_MATCH,,NO_LOCAL_OSMOTIC_FILE
HW1972-T30-KI-m1,KI,30,29,1074,1,0.928,0.646,DIRECT_HAMER_WU_HASLAM_MEMBERSHIP_UNKNOWN,DIRECT_HAMER_WU_EXACT_HASLAM_SUBSET,/home/tnnrpolley21/Workspaces/Engineering/ePC-SAFT/data/reference/MIAC/water/water-KI.csv,a18ffab1772c77b8aad338a5a5deb9cae51d8ba4bcc7ea33f3a0a8d8c5e3b0c5,VERIFIED_VALUE_MATCH,,NO_LOCAL_OSMOTIC_FILE
HW1972-T30-KI-m1.2,KI,30,29,1074,1.2,0.933,0.641,DIRECT_HAMER_WU_HASLAM_MEMBERSHIP_UNKNOWN,DIRECT_HAMER_WU_EXACT_HASLAM_SUBSET,/home/tnnrpolley21/Workspaces/Engineering/ePC-SAFT/data/reference/MIAC/water/water-KI.csv,a18ffab1772c77b8aad338a5a5deb9cae51d8ba4bcc7ea33f3a0a8d8c5e3b0c5,VERIFIED_VALUE_MATCH,,NO_LOCAL_OSMOTIC_FILE
HW1972-T30-KI-m1.4,KI,30,29,1074,1.4,0.939,0.639,DIRECT_HAMER_WU_HASLAM_MEMBERSHIP_UNKNOWN,DIRECT_HAMER_WU_EXACT_HASLAM_SUBSET,/home/tnnrpolley21/Workspaces/Engineering/ePC-SAFT/data/reference/MIAC/water/water-KI.csv,a18ffab1772c77b8aad338a5a5deb9cae51d8ba4bcc7ea33f3a0a8d8c5e3b0c5,VERIFIED_VALUE_MATCH,,NO_LOCAL_OSMOTIC_FILE
HW1972-T30-KI-m1.6,KI,30,29,1074,1.6,0.945,0.638,DIRECT_HAMER_WU_HASLAM_MEMBERSHIP_UNKNOWN,DIRECT_HAMER_WU_EXACT_HASLAM_SUBSET,/home/tnnrpolley21/Workspaces/Engineering/ePC-SAFT/data/reference/MIAC/water/water-KI.csv,a18ffab1772c77b8aad338a5a5deb9cae51d8ba4bcc7ea33f3a0a8d8c5e3b0c5,VERIFIED_VALUE_MATCH,,NO_LOCAL_OSMOTIC_FILE
HW1972-T30-KI-m1.8,KI,30,29,1074,1.8,0.951,0.637,DIRECT_HAMER_WU_HASLAM_MEMBERSHIP_UNKNOWN,DIRECT_HAMER_WU_EXACT_HASLAM_SUBSET,/home/tnnrpolley21/Workspaces/Engineering/ePC-SAFT/data/reference/MIAC/water/water-KI.csv,a18ffab1772c77b8aad338a5a5deb9cae51d8ba4bcc7ea33f3a0a8d8c5e3b0c5,VERIFIED_VALUE_MATCH,,NO_LOCAL_OSMOTIC_FILE
HW1972-T30-KI-m2,KI,30,29,1074,2,0.957,0.638,DIRECT_HAMER_WU_HASLAM_MEMBERSHIP_UNKNOWN,DIRECT_HAMER_WU_EXACT_HASLAM_SUBSET,/home/tnnrpolley21/Workspaces/Engineering/ePC-SAFT/data/reference/MIAC/water/water-KI.csv,a18ffab1772c77b8aad338a5a5deb9cae51d8ba4bcc7ea33f3a0a8d8c5e3b0c5,VERIFIED_VALUE_MATCH,,NO_LOCAL_OSMOTIC_FILE
HW1972-T30-KI-m2.5,KI,30,29,1074,2.5,0.972,0.643,DIRECT_HAMER_WU_HASLAM_MEMBERSHIP_UNKNOWN,DIRECT_HAMER_WU_EXACT_HASLAM_SUBSET,/home/tnnrpolley21/Workspaces/Engineering/ePC-SAFT/data/reference/MIAC/water/water-KI.csv,a18ffab1772c77b8aad338a5a5deb9cae51d8ba4bcc7ea33f3a0a8d8c5e3b0c5,VERIFIED_VALUE_MATCH,,NO_LOCAL_OSMOTIC_FILE
HW1972-T30-KI-m3,KI,30,29,1074,3,0.987,0.65,DIRECT_HAMER_WU_HASLAM_MEMBERSHIP_UNKNOWN,DIRECT_HAMER_WU_EXACT_HASLAM_SUBSET,/home/tnnrpolley21/Workspaces/Engineering/ePC-SAFT/data/reference/MIAC/water/water-KI.csv,a18ffab1772c77b8aad338a5a5deb9cae51d8ba4bcc7ea33f3a0a8d8c5e3b0c5,VERIFIED_VALUE_MATCH,,NO_LOCAL_OSMOTIC_FILE
